<?xml version="1.0" encoding="UTF-8"?>
<sbml xmlns="http://www.sbml.org/sbml/level2" xmlns:html="http://www.w3.org/1999/xhtml" xmlns:jigcell="http://www.sbml.org/2001/ns/jigcell" xmlns:math="http://www.w3.org/1998/Math/MathML" xmlns:rdf="http://www.w3.org/1999/02/22-rdf-syntax-ns#" xmlns:sbml="http://www.sbml.org/sbml/level2" xmlns:xlink="http://www.w3.org/1999/xlink" level="2" version="1">
  <model name="InSilicoSize50-Ecoli1">
<notes><p xmlns="http://www.w3.org/1999/xhtml">This network is a child of the network "AlonEcoli" generated by Eepidemic.</p></notes>
    <listOfCompartments>
      <compartment id="cell" name="cell" size="1.0" />
    </listOfCompartments>
    <listOfSpecies>
      <species id="G1" name="G1" compartment="cell" />
      <species id="G2" name="G2" compartment="cell" />
      <species id="G3" name="G3" compartment="cell" />
      <species id="G4" name="G4" compartment="cell" />
      <species id="G5" name="G5" compartment="cell" />
      <species id="G6" name="G6" compartment="cell" />
      <species id="G7" name="G7" compartment="cell" />
      <species id="G8" name="G8" compartment="cell" />
      <species id="G9" name="G9" compartment="cell" />
      <species id="G10" name="G10" compartment="cell" />
      <species id="G11" name="G11" compartment="cell" />
      <species id="G12" name="G12" compartment="cell" />
      <species id="G13" name="G13" compartment="cell" />
      <species id="G14" name="G14" compartment="cell" />
      <species id="G15" name="G15" compartment="cell" />
      <species id="G16" name="G16" compartment="cell" />
      <species id="G17" name="G17" compartment="cell" />
      <species id="G18" name="G18" compartment="cell" />
      <species id="G19" name="G19" compartment="cell" />
      <species id="G20" name="G20" compartment="cell" />
      <species id="G21" name="G21" compartment="cell" />
      <species id="G22" name="G22" compartment="cell" />
      <species id="G23" name="G23" compartment="cell" />
      <species id="G24" name="G24" compartment="cell" />
      <species id="G25" name="G25" compartment="cell" />
      <species id="G26" name="G26" compartment="cell" />
      <species id="G27" name="G27" compartment="cell" />
      <species id="G28" name="G28" compartment="cell" />
      <species id="G29" name="G29" compartment="cell" />
      <species id="G30" name="G30" compartment="cell" />
      <species id="G31" name="G31" compartment="cell" />
      <species id="G32" name="G32" compartment="cell" />
      <species id="G33" name="G33" compartment="cell" />
      <species id="G34" name="G34" compartment="cell" />
      <species id="G35" name="G35" compartment="cell" />
      <species id="G36" name="G36" compartment="cell" />
      <species id="G37" name="G37" compartment="cell" />
      <species id="G38" name="G38" compartment="cell" />
      <species id="G39" name="G39" compartment="cell" />
      <species id="G40" name="G40" compartment="cell" />
      <species id="G41" name="G41" compartment="cell" />
      <species id="G42" name="G42" compartment="cell" />
      <species id="G43" name="G43" compartment="cell" />
      <species id="G44" name="G44" compartment="cell" />
      <species id="G45" name="G45" compartment="cell" />
      <species id="G46" name="G46" compartment="cell" />
      <species id="G47" name="G47" compartment="cell" />
      <species id="G48" name="G48" compartment="cell" />
      <species id="G49" name="G49" compartment="cell" />
      <species id="G50" name="G50" compartment="cell" />
      <species id="_void_" name="_void_" compartment="cell" initialAmount="0.0" boundaryCondition="true" constant="true" />
    </listOfSpecies>
    <listOfReactions>
      <reaction id="G1_synthesis" name="G1_synthesis: no inputs" reversible="false">
        <listOfReactants>
          <speciesReference species="_void_" />
        </listOfReactants>
        <listOfProducts>
          <speciesReference species="G1" />
        </listOfProducts>
        <kineticLaw>
          <listOfParameters>
            <parameter id="max" name="max" value="0.024354547932529492" />
            <parameter id="deltaProtein" name="deltaProtein" value="0.027129934730000405" />
            <parameter id="maxTranslation" name="maxTranslation" value="0.027129934730000405" />
            <parameter id="a_0" name="a_0" value="1.0" />
          </listOfParameters>
        </kineticLaw>
      </reaction>
      <reaction id="G1_degradation" name="G1_degradation" reversible="false">
        <listOfReactants>
          <speciesReference species="G1" />
        </listOfReactants>
        <listOfProducts>
          <speciesReference species="_void_" />
        </listOfProducts>
        <kineticLaw>
          <listOfParameters>
            <parameter id="delta" name="delta" value="0.024354547932529492" />
          </listOfParameters>
        </kineticLaw>
      </reaction>
      <reaction id="G2_synthesis" name="G2_synthesis: 1 + 23" reversible="false">
        <listOfReactants>
          <speciesReference species="_void_" />
        </listOfReactants>
        <listOfProducts>
          <speciesReference species="G2" />
        </listOfProducts>
        <listOfModifiers>
          <modifierSpeciesReference species="G3" />
          <modifierSpeciesReference species="G1" />
          <modifierSpeciesReference species="G4" />
        </listOfModifiers>
        <kineticLaw>
          <listOfParameters>
            <parameter id="max" name="max" value="0.01875396276894982" />
            <parameter id="deltaProtein" name="deltaProtein" value="0.029076908805428726" />
            <parameter id="maxTranslation" name="maxTranslation" value="0.029076908805428726" />
            <parameter id="bindsAsComplex_1" name="bindsAsComplex_1" value="0.0" />
            <parameter id="numActivators_1" name="numActivators_1" value="1.0" />
            <parameter id="numDeactivators_1" name="numDeactivators_1" value="0.0" />
            <parameter id="bindsAsComplex_2" name="bindsAsComplex_2" value="0.0" />
            <parameter id="numActivators_2" name="numActivators_2" value="2.0" />
            <parameter id="numDeactivators_2" name="numDeactivators_2" value="0.0" />
            <parameter id="a_0" name="a_0" value="0.03740742018869844" />
            <parameter id="a_1" name="a_1" value="0.5465023529271513" />
            <parameter id="a_2" name="a_2" value="0.49090506726154703" />
            <parameter id="a_3" name="a_3" value="1.0" />
            <parameter id="k_1" name="k_1" value="0.07324297843456823" />
            <parameter id="k_2" name="k_2" value="0.12855391796646123" />
            <parameter id="k_3" name="k_3" value="0.046524174775136276" />
            <parameter id="n_1" name="n_1" value="1.8328732112074744" />
            <parameter id="n_2" name="n_2" value="2.7544864405283427" />
            <parameter id="n_3" name="n_3" value="1.6979568082217562" />
          </listOfParameters>
        </kineticLaw>
      </reaction>
      <reaction id="G2_degradation" name="G2_degradation" reversible="false">
        <listOfReactants>
          <speciesReference species="G2" />
        </listOfReactants>
        <listOfProducts>
          <speciesReference species="_void_" />
        </listOfProducts>
        <kineticLaw>
          <listOfParameters>
            <parameter id="delta" name="delta" value="0.01875396276894982" />
          </listOfParameters>
        </kineticLaw>
      </reaction>
      <reaction id="G3_synthesis" name="G3_synthesis: no inputs" reversible="false">
        <listOfReactants>
          <speciesReference species="_void_" />
        </listOfReactants>
        <listOfProducts>
          <speciesReference species="G3" />
        </listOfProducts>
        <kineticLaw>
          <listOfParameters>
            <parameter id="max" name="max" value="0.0991285515738215" />
            <parameter id="deltaProtein" name="deltaProtein" value="0.01930667160693182" />
            <parameter id="maxTranslation" name="maxTranslation" value="0.01930667160693182" />
            <parameter id="a_0" name="a_0" value="1.0" />
          </listOfParameters>
        </kineticLaw>
      </reaction>
      <reaction id="G3_degradation" name="G3_degradation" reversible="false">
        <listOfReactants>
          <speciesReference species="G3" />
        </listOfReactants>
        <listOfProducts>
          <speciesReference species="_void_" />
        </listOfProducts>
        <kineticLaw>
          <listOfParameters>
            <parameter id="delta" name="delta" value="0.0991285515738215" />
          </listOfParameters>
        </kineticLaw>
      </reaction>
      <reaction id="G4_synthesis" name="G4_synthesis: no inputs" reversible="false">
        <listOfReactants>
          <speciesReference species="_void_" />
        </listOfReactants>
        <listOfProducts>
          <speciesReference species="G4" />
        </listOfProducts>
        <kineticLaw>
          <listOfParameters>
            <parameter id="max" name="max" value="0.026860221528109816" />
            <parameter id="deltaProtein" name="deltaProtein" value="0.037962112738651424" />
            <parameter id="maxTranslation" name="maxTranslation" value="0.037962112738651424" />
            <parameter id="a_0" name="a_0" value="1.0" />
          </listOfParameters>
        </kineticLaw>
      </reaction>
      <reaction id="G4_degradation" name="G4_degradation" reversible="false">
        <listOfReactants>
          <speciesReference species="G4" />
        </listOfReactants>
        <listOfProducts>
          <speciesReference species="_void_" />
        </listOfProducts>
        <kineticLaw>
          <listOfParameters>
            <parameter id="delta" name="delta" value="0.026860221528109816" />
          </listOfParameters>
        </kineticLaw>
      </reaction>
      <reaction id="G5_synthesis" name="G5_synthesis: 1" reversible="false">
        <listOfReactants>
          <speciesReference species="_void_" />
        </listOfReactants>
        <listOfProducts>
          <speciesReference species="G5" />
        </listOfProducts>
        <listOfModifiers>
          <modifierSpeciesReference species="G4" />
        </listOfModifiers>
        <kineticLaw>
          <listOfParameters>
            <parameter id="max" name="max" value="0.023254581795354105" />
            <parameter id="deltaProtein" name="deltaProtein" value="0.029324911798499966" />
            <parameter id="maxTranslation" name="maxTranslation" value="0.029324911798499966" />
            <parameter id="bindsAsComplex_1" name="bindsAsComplex_1" value="0.0" />
            <parameter id="numActivators_1" name="numActivators_1" value="1.0" />
            <parameter id="numDeactivators_1" name="numDeactivators_1" value="0.0" />
            <parameter id="a_0" name="a_0" value="0.03961243955521992" />
            <parameter id="a_1" name="a_1" value="1.0" />
            <parameter id="k_1" name="k_1" value="0.05848532362479874" />
            <parameter id="n_1" name="n_1" value="3.5510955961030866" />
          </listOfParameters>
        </kineticLaw>
      </reaction>
      <reaction id="G5_degradation" name="G5_degradation" reversible="false">
        <listOfReactants>
          <speciesReference species="G5" />
        </listOfReactants>
        <listOfProducts>
          <speciesReference species="_void_" />
        </listOfProducts>
        <kineticLaw>
          <listOfParameters>
            <parameter id="delta" name="delta" value="0.023254581795354105" />
          </listOfParameters>
        </kineticLaw>
      </reaction>
      <reaction id="G6_synthesis" name="G6_synthesis: 1" reversible="false">
        <listOfReactants>
          <speciesReference species="_void_" />
        </listOfReactants>
        <listOfProducts>
          <speciesReference species="G6" />
        </listOfProducts>
        <listOfModifiers>
          <modifierSpeciesReference species="G4" />
        </listOfModifiers>
        <kineticLaw>
          <listOfParameters>
            <parameter id="max" name="max" value="0.021976365362828255" />
            <parameter id="deltaProtein" name="deltaProtein" value="0.029371130765166963" />
            <parameter id="maxTranslation" name="maxTranslation" value="0.029371130765166963" />
            <parameter id="bindsAsComplex_1" name="bindsAsComplex_1" value="1.0" />
            <parameter id="numActivators_1" name="numActivators_1" value="1.0" />
            <parameter id="numDeactivators_1" name="numDeactivators_1" value="0.0" />
            <parameter id="a_0" name="a_0" value="0.009741098826090979" />
            <parameter id="a_1" name="a_1" value="1.0" />
            <parameter id="k_1" name="k_1" value="0.2780959828503726" />
            <parameter id="n_1" name="n_1" value="2.0618889991218885" />
          </listOfParameters>
        </kineticLaw>
      </reaction>
      <reaction id="G6_degradation" name="G6_degradation" reversible="false">
        <listOfReactants>
          <speciesReference species="G6" />
        </listOfReactants>
        <listOfProducts>
          <speciesReference species="_void_" />
        </listOfProducts>
        <kineticLaw>
          <listOfParameters>
            <parameter id="delta" name="delta" value="0.021976365362828255" />
          </listOfParameters>
        </kineticLaw>
      </reaction>
      <reaction id="G7_synthesis" name="G7_synthesis: 1" reversible="false">
        <listOfReactants>
          <speciesReference species="_void_" />
        </listOfReactants>
        <listOfProducts>
          <speciesReference species="G7" />
        </listOfProducts>
        <listOfModifiers>
          <modifierSpeciesReference species="G4" />
        </listOfModifiers>
        <kineticLaw>
          <listOfParameters>
            <parameter id="max" name="max" value="0.018150931545931063" />
            <parameter id="deltaProtein" name="deltaProtein" value="0.018021081919529468" />
            <parameter id="maxTranslation" name="maxTranslation" value="0.018021081919529468" />
            <parameter id="bindsAsComplex_1" name="bindsAsComplex_1" value="0.0" />
            <parameter id="numActivators_1" name="numActivators_1" value="1.0" />
            <parameter id="numDeactivators_1" name="numDeactivators_1" value="0.0" />
            <parameter id="a_0" name="a_0" value="0.007337871016681514" />
            <parameter id="a_1" name="a_1" value="1.0" />
            <parameter id="k_1" name="k_1" value="0.2815150544035207" />
            <parameter id="n_1" name="n_1" value="1.2081877525501357" />
          </listOfParameters>
        </kineticLaw>
      </reaction>
      <reaction id="G7_degradation" name="G7_degradation" reversible="false">
        <listOfReactants>
          <speciesReference species="G7" />
        </listOfReactants>
        <listOfProducts>
          <speciesReference species="_void_" />
        </listOfProducts>
        <kineticLaw>
          <listOfParameters>
            <parameter id="delta" name="delta" value="0.018150931545931063" />
          </listOfParameters>
        </kineticLaw>
      </reaction>
      <reaction id="G8_synthesis" name="G8_synthesis: 1" reversible="false">
        <listOfReactants>
          <speciesReference species="_void_" />
        </listOfReactants>
        <listOfProducts>
          <speciesReference species="G8" />
        </listOfProducts>
        <listOfModifiers>
          <modifierSpeciesReference species="G4" />
        </listOfModifiers>
        <kineticLaw>
          <listOfParameters>
            <parameter id="max" name="max" value="0.022049583935172944" />
            <parameter id="deltaProtein" name="deltaProtein" value="0.0225269888806082" />
            <parameter id="maxTranslation" name="maxTranslation" value="0.0225269888806082" />
            <parameter id="bindsAsComplex_1" name="bindsAsComplex_1" value="1.0" />
            <parameter id="numActivators_1" name="numActivators_1" value="1.0" />
            <parameter id="numDeactivators_1" name="numDeactivators_1" value="0.0" />
            <parameter id="a_0" name="a_0" value="0.06374682923822865" />
            <parameter id="a_1" name="a_1" value="1.0" />
            <parameter id="k_1" name="k_1" value="0.18411334407089794" />
            <parameter id="n_1" name="n_1" value="2.6598398494107345" />
          </listOfParameters>
        </kineticLaw>
      </reaction>
      <reaction id="G8_degradation" name="G8_degradation" reversible="false">
        <listOfReactants>
          <speciesReference species="G8" />
        </listOfReactants>
        <listOfProducts>
          <speciesReference species="_void_" />
        </listOfProducts>
        <kineticLaw>
          <listOfParameters>
            <parameter id="delta" name="delta" value="0.022049583935172944" />
          </listOfParameters>
        </kineticLaw>
      </reaction>
      <reaction id="G9_synthesis" name="G9_synthesis: 1" reversible="false">
        <listOfReactants>
          <speciesReference species="_void_" />
        </listOfReactants>
        <listOfProducts>
          <speciesReference species="G9" />
        </listOfProducts>
        <listOfModifiers>
          <modifierSpeciesReference species="G4" />
        </listOfModifiers>
        <kineticLaw>
          <listOfParameters>
            <parameter id="max" name="max" value="0.02092062056625973" />
            <parameter id="deltaProtein" name="deltaProtein" value="0.06271428630717212" />
            <parameter id="maxTranslation" name="maxTranslation" value="0.06271428630717212" />
            <parameter id="bindsAsComplex_1" name="bindsAsComplex_1" value="1.0" />
            <parameter id="numActivators_1" name="numActivators_1" value="1.0" />
            <parameter id="numDeactivators_1" name="numDeactivators_1" value="0.0" />
            <parameter id="a_0" name="a_0" value="0.04988821307981519" />
            <parameter id="a_1" name="a_1" value="1.0" />
            <parameter id="k_1" name="k_1" value="0.2664697232167842" />
            <parameter id="n_1" name="n_1" value="3.5000011156449373" />
          </listOfParameters>
        </kineticLaw>
      </reaction>
      <reaction id="G9_degradation" name="G9_degradation" reversible="false">
        <listOfReactants>
          <speciesReference species="G9" />
        </listOfReactants>
        <listOfProducts>
          <speciesReference species="_void_" />
        </listOfProducts>
        <kineticLaw>
          <listOfParameters>
            <parameter id="delta" name="delta" value="0.02092062056625973" />
          </listOfParameters>
        </kineticLaw>
      </reaction>
      <reaction id="G10_synthesis" name="G10_synthesis: 1" reversible="false">
        <listOfReactants>
          <speciesReference species="_void_" />
        </listOfReactants>
        <listOfProducts>
          <speciesReference species="G10" />
        </listOfProducts>
        <listOfModifiers>
          <modifierSpeciesReference species="G4" />
        </listOfModifiers>
        <kineticLaw>
          <listOfParameters>
            <parameter id="max" name="max" value="0.041908574366495394" />
            <parameter id="deltaProtein" name="deltaProtein" value="0.036550466622119325" />
            <parameter id="maxTranslation" name="maxTranslation" value="0.036550466622119325" />
            <parameter id="bindsAsComplex_1" name="bindsAsComplex_1" value="1.0" />
            <parameter id="numActivators_1" name="numActivators_1" value="1.0" />
            <parameter id="numDeactivators_1" name="numDeactivators_1" value="0.0" />
            <parameter id="a_0" name="a_0" value="0.08816828251411203" />
            <parameter id="a_1" name="a_1" value="1.0" />
            <parameter id="k_1" name="k_1" value="0.42734979624958136" />
            <parameter id="n_1" name="n_1" value="2.0805579213568532" />
          </listOfParameters>
        </kineticLaw>
      </reaction>
      <reaction id="G10_degradation" name="G10_degradation" reversible="false">
        <listOfReactants>
          <speciesReference species="G10" />
        </listOfReactants>
        <listOfProducts>
          <speciesReference species="_void_" />
        </listOfProducts>
        <kineticLaw>
          <listOfParameters>
            <parameter id="delta" name="delta" value="0.041908574366495394" />
          </listOfParameters>
        </kineticLaw>
      </reaction>
      <reaction id="G11_synthesis" name="G11_synthesis: 1" reversible="false">
        <listOfReactants>
          <speciesReference species="_void_" />
        </listOfReactants>
        <listOfProducts>
          <speciesReference species="G11" />
        </listOfProducts>
        <listOfModifiers>
          <modifierSpeciesReference species="G4" />
        </listOfModifiers>
        <kineticLaw>
          <listOfParameters>
            <parameter id="max" name="max" value="0.01974890356405959" />
            <parameter id="deltaProtein" name="deltaProtein" value="0.033716840190395184" />
            <parameter id="maxTranslation" name="maxTranslation" value="0.033716840190395184" />
            <parameter id="bindsAsComplex_1" name="bindsAsComplex_1" value="1.0" />
            <parameter id="numActivators_1" name="numActivators_1" value="1.0" />
            <parameter id="numDeactivators_1" name="numDeactivators_1" value="0.0" />
            <parameter id="a_0" name="a_0" value="0.09690393053758373" />
            <parameter id="a_1" name="a_1" value="1.0" />
            <parameter id="k_1" name="k_1" value="0.25996467219112485" />
            <parameter id="n_1" name="n_1" value="3.021546344438277" />
          </listOfParameters>
        </kineticLaw>
      </reaction>
      <reaction id="G11_degradation" name="G11_degradation" reversible="false">
        <listOfReactants>
          <speciesReference species="G11" />
        </listOfReactants>
        <listOfProducts>
          <speciesReference species="_void_" />
        </listOfProducts>
        <kineticLaw>
          <listOfParameters>
            <parameter id="delta" name="delta" value="0.01974890356405959" />
          </listOfParameters>
        </kineticLaw>
      </reaction>
      <reaction id="G12_synthesis" name="G12_synthesis: ~1" reversible="false">
        <listOfReactants>
          <speciesReference species="_void_" />
        </listOfReactants>
        <listOfProducts>
          <speciesReference species="G12" />
        </listOfProducts>
        <listOfModifiers>
          <modifierSpeciesReference species="G4" />
        </listOfModifiers>
        <kineticLaw>
          <listOfParameters>
            <parameter id="max" name="max" value="0.038803914629003906" />
            <parameter id="deltaProtein" name="deltaProtein" value="0.03205533830686817" />
            <parameter id="maxTranslation" name="maxTranslation" value="0.03205533830686817" />
            <parameter id="bindsAsComplex_1" name="bindsAsComplex_1" value="0.0" />
            <parameter id="numActivators_1" name="numActivators_1" value="1.0" />
            <parameter id="numDeactivators_1" name="numDeactivators_1" value="0.0" />
            <parameter id="a_0" name="a_0" value="1.0" />
            <parameter id="a_1" name="a_1" value="0.08209181176804359" />
            <parameter id="k_1" name="k_1" value="0.07569656598029617" />
            <parameter id="n_1" name="n_1" value="1.365792789328262" />
          </listOfParameters>
        </kineticLaw>
      </reaction>
      <reaction id="G12_degradation" name="G12_degradation" reversible="false">
        <listOfReactants>
          <speciesReference species="G12" />
        </listOfReactants>
        <listOfProducts>
          <speciesReference species="_void_" />
        </listOfProducts>
        <kineticLaw>
          <listOfParameters>
            <parameter id="delta" name="delta" value="0.038803914629003906" />
          </listOfParameters>
        </kineticLaw>
      </reaction>
      <reaction id="G13_synthesis" name="G13_synthesis: ~1" reversible="false">
        <listOfReactants>
          <speciesReference species="_void_" />
        </listOfReactants>
        <listOfProducts>
          <speciesReference species="G13" />
        </listOfProducts>
        <listOfModifiers>
          <modifierSpeciesReference species="G4" />
        </listOfModifiers>
        <kineticLaw>
          <listOfParameters>
            <parameter id="max" name="max" value="0.032416557451846184" />
            <parameter id="deltaProtein" name="deltaProtein" value="0.030378410612678073" />
            <parameter id="maxTranslation" name="maxTranslation" value="0.030378410612678073" />
            <parameter id="bindsAsComplex_1" name="bindsAsComplex_1" value="0.0" />
            <parameter id="numActivators_1" name="numActivators_1" value="1.0" />
            <parameter id="numDeactivators_1" name="numDeactivators_1" value="0.0" />
            <parameter id="a_0" name="a_0" value="1.0" />
            <parameter id="a_1" name="a_1" value="0.16139219212789124" />
            <parameter id="k_1" name="k_1" value="0.19740046253850907" />
            <parameter id="n_1" name="n_1" value="5.070758093208269" />
          </listOfParameters>
        </kineticLaw>
      </reaction>
      <reaction id="G13_degradation" name="G13_degradation" reversible="false">
        <listOfReactants>
          <speciesReference species="G13" />
        </listOfReactants>
        <listOfProducts>
          <speciesReference species="_void_" />
        </listOfProducts>
        <kineticLaw>
          <listOfParameters>
            <parameter id="delta" name="delta" value="0.032416557451846184" />
          </listOfParameters>
        </kineticLaw>
      </reaction>
      <reaction id="G14_synthesis" name="G14_synthesis: 12" reversible="false">
        <listOfReactants>
          <speciesReference species="_void_" />
        </listOfReactants>
        <listOfProducts>
          <speciesReference species="G14" />
        </listOfProducts>
        <listOfModifiers>
          <modifierSpeciesReference species="G17" />
          <modifierSpeciesReference species="G4" />
        </listOfModifiers>
        <kineticLaw>
          <listOfParameters>
            <parameter id="max" name="max" value="0.031199045998518075" />
            <parameter id="deltaProtein" name="deltaProtein" value="0.026989213673974968" />
            <parameter id="maxTranslation" name="maxTranslation" value="0.026989213673974968" />
            <parameter id="bindsAsComplex_1" name="bindsAsComplex_1" value="1.0" />
            <parameter id="numActivators_1" name="numActivators_1" value="2.0" />
            <parameter id="numDeactivators_1" name="numDeactivators_1" value="0.0" />
            <parameter id="a_0" name="a_0" value="0.03709311050058945" />
            <parameter id="a_1" name="a_1" value="1.0" />
            <parameter id="k_1" name="k_1" value="0.058732840349509416" />
            <parameter id="k_2" name="k_2" value="0.2333099372737594" />
            <parameter id="n_1" name="n_1" value="2.128287165041787" />
            <parameter id="n_2" name="n_2" value="2.9682056925012863" />
          </listOfParameters>
        </kineticLaw>
      </reaction>
      <reaction id="G14_degradation" name="G14_degradation" reversible="false">
        <listOfReactants>
          <speciesReference species="G14" />
        </listOfReactants>
        <listOfProducts>
          <speciesReference species="_void_" />
        </listOfProducts>
        <kineticLaw>
          <listOfParameters>
            <parameter id="delta" name="delta" value="0.031199045998518075" />
          </listOfParameters>
        </kineticLaw>
      </reaction>
      <reaction id="G15_synthesis" name="G15_synthesis: 12" reversible="false">
        <listOfReactants>
          <speciesReference species="_void_" />
        </listOfReactants>
        <listOfProducts>
          <speciesReference species="G15" />
        </listOfProducts>
        <listOfModifiers>
          <modifierSpeciesReference species="G4" />
          <modifierSpeciesReference species="G17" />
        </listOfModifiers>
        <kineticLaw>
          <listOfParameters>
            <parameter id="max" name="max" value="0.026252202217391756" />
            <parameter id="deltaProtein" name="deltaProtein" value="0.02906306982487863" />
            <parameter id="maxTranslation" name="maxTranslation" value="0.02906306982487863" />
            <parameter id="bindsAsComplex_1" name="bindsAsComplex_1" value="0.0" />
            <parameter id="numActivators_1" name="numActivators_1" value="2.0" />
            <parameter id="numDeactivators_1" name="numDeactivators_1" value="0.0" />
            <parameter id="a_0" name="a_0" value="0.003336200045606207" />
            <parameter id="a_1" name="a_1" value="1.0" />
            <parameter id="k_1" name="k_1" value="0.3716379673198894" />
            <parameter id="k_2" name="k_2" value="0.21765253748412644" />
            <parameter id="n_1" name="n_1" value="2.9891322024443294" />
            <parameter id="n_2" name="n_2" value="1.1699372598569506" />
          </listOfParameters>
        </kineticLaw>
      </reaction>
      <reaction id="G15_degradation" name="G15_degradation" reversible="false">
        <listOfReactants>
          <speciesReference species="G15" />
        </listOfReactants>
        <listOfProducts>
          <speciesReference species="_void_" />
        </listOfProducts>
        <kineticLaw>
          <listOfParameters>
            <parameter id="delta" name="delta" value="0.026252202217391756" />
          </listOfParameters>
        </kineticLaw>
      </reaction>
      <reaction id="G16_synthesis" name="G16_synthesis: 1~2 + ~3 + ~4" reversible="false">
        <listOfReactants>
          <speciesReference species="_void_" />
        </listOfReactants>
        <listOfProducts>
          <speciesReference species="G16" />
        </listOfProducts>
        <listOfModifiers>
          <modifierSpeciesReference species="G23" />
          <modifierSpeciesReference species="G19" />
          <modifierSpeciesReference species="G21" />
          <modifierSpeciesReference species="G4" />
        </listOfModifiers>
        <kineticLaw>
          <listOfParameters>
            <parameter id="max" name="max" value="0.02739321178854389" />
            <parameter id="deltaProtein" name="deltaProtein" value="0.022749950349740398" />
            <parameter id="maxTranslation" name="maxTranslation" value="0.022749950349740398" />
            <parameter id="bindsAsComplex_1" name="bindsAsComplex_1" value="1.0" />
            <parameter id="numActivators_1" name="numActivators_1" value="1.0" />
            <parameter id="numDeactivators_1" name="numDeactivators_1" value="1.0" />
            <parameter id="bindsAsComplex_2" name="bindsAsComplex_2" value="1.0" />
            <parameter id="numActivators_2" name="numActivators_2" value="1.0" />
            <parameter id="numDeactivators_2" name="numDeactivators_2" value="0.0" />
            <parameter id="bindsAsComplex_3" name="bindsAsComplex_3" value="1.0" />
            <parameter id="numActivators_3" name="numActivators_3" value="1.0" />
            <parameter id="numDeactivators_3" name="numDeactivators_3" value="0.0" />
            <parameter id="a_0" name="a_0" value="0.5849797652084822" />
            <parameter id="a_1" name="a_1" value="1.0" />
            <parameter id="a_2" name="a_2" value="0.07096280626135076" />
            <parameter id="a_3" name="a_3" value="0.7176745577212903" />
            <parameter id="a_4" name="a_4" value="0.0" />
            <parameter id="a_5" name="a_5" value="0.615905678039585" />
            <parameter id="a_6" name="a_6" value="0.0" />
            <parameter id="a_7" name="a_7" value="0.10188871909245356" />
            <parameter id="k_1" name="k_1" value="0.49781913191667615" />
            <parameter id="k_2" name="k_2" value="0.13014134388102075" />
            <parameter id="k_3" name="k_3" value="0.26051932790546306" />
            <parameter id="k_4" name="k_4" value="0.04126035484014341" />
            <parameter id="n_1" name="n_1" value="3.5347182313193084" />
            <parameter id="n_2" name="n_2" value="1.8993761592557181" />
            <parameter id="n_3" name="n_3" value="5.043856047877087" />
            <parameter id="n_4" name="n_4" value="4.584700837199176" />
          </listOfParameters>
        </kineticLaw>
      </reaction>
      <reaction id="G16_degradation" name="G16_degradation" reversible="false">
        <listOfReactants>
          <speciesReference species="G16" />
        </listOfReactants>
        <listOfProducts>
          <speciesReference species="_void_" />
        </listOfProducts>
        <kineticLaw>
          <listOfParameters>
            <parameter id="delta" name="delta" value="0.02739321178854389" />
          </listOfParameters>
        </kineticLaw>
      </reaction>
      <reaction id="G17_synthesis" name="G17_synthesis: 1" reversible="false">
        <listOfReactants>
          <speciesReference species="_void_" />
        </listOfReactants>
        <listOfProducts>
          <speciesReference species="G17" />
        </listOfProducts>
        <listOfModifiers>
          <modifierSpeciesReference species="G28" />
        </listOfModifiers>
        <kineticLaw>
          <listOfParameters>
            <parameter id="max" name="max" value="0.028084453895123696" />
            <parameter id="deltaProtein" name="deltaProtein" value="0.022690068549554993" />
            <parameter id="maxTranslation" name="maxTranslation" value="0.022690068549554993" />
            <parameter id="bindsAsComplex_1" name="bindsAsComplex_1" value="0.0" />
            <parameter id="numActivators_1" name="numActivators_1" value="1.0" />
            <parameter id="numDeactivators_1" name="numDeactivators_1" value="0.0" />
            <parameter id="a_0" name="a_0" value="0.012591033456564179" />
            <parameter id="a_1" name="a_1" value="1.0" />
            <parameter id="k_1" name="k_1" value="0.2640544143994363" />
            <parameter id="n_1" name="n_1" value="3.7334809209704924" />
          </listOfParameters>
        </kineticLaw>
      </reaction>
      <reaction id="G17_degradation" name="G17_degradation" reversible="false">
        <listOfReactants>
          <speciesReference species="G17" />
        </listOfReactants>
        <listOfProducts>
          <speciesReference species="_void_" />
        </listOfProducts>
        <kineticLaw>
          <listOfParameters>
            <parameter id="delta" name="delta" value="0.028084453895123696" />
          </listOfParameters>
        </kineticLaw>
      </reaction>
      <reaction id="G18_synthesis" name="G18_synthesis: 1" reversible="false">
        <listOfReactants>
          <speciesReference species="_void_" />
        </listOfReactants>
        <listOfProducts>
          <speciesReference species="G18" />
        </listOfProducts>
        <listOfModifiers>
          <modifierSpeciesReference species="G17" />
        </listOfModifiers>
        <kineticLaw>
          <listOfParameters>
            <parameter id="max" name="max" value="0.023798475083061797" />
            <parameter id="deltaProtein" name="deltaProtein" value="0.018982561731199592" />
            <parameter id="maxTranslation" name="maxTranslation" value="0.018982561731199592" />
            <parameter id="bindsAsComplex_1" name="bindsAsComplex_1" value="0.0" />
            <parameter id="numActivators_1" name="numActivators_1" value="1.0" />
            <parameter id="numDeactivators_1" name="numDeactivators_1" value="0.0" />
            <parameter id="a_0" name="a_0" value="0.03427144574219861" />
            <parameter id="a_1" name="a_1" value="1.0" />
            <parameter id="k_1" name="k_1" value="0.14233266436029496" />
            <parameter id="n_1" name="n_1" value="2.9407886622740014" />
          </listOfParameters>
        </kineticLaw>
      </reaction>
      <reaction id="G18_degradation" name="G18_degradation" reversible="false">
        <listOfReactants>
          <speciesReference species="G18" />
        </listOfReactants>
        <listOfProducts>
          <speciesReference species="_void_" />
        </listOfProducts>
        <kineticLaw>
          <listOfParameters>
            <parameter id="delta" name="delta" value="0.023798475083061797" />
          </listOfParameters>
        </kineticLaw>
      </reaction>
      <reaction id="G19_synthesis" name="G19_synthesis: no inputs" reversible="false">
        <listOfReactants>
          <speciesReference species="_void_" />
        </listOfReactants>
        <listOfProducts>
          <speciesReference species="G19" />
        </listOfProducts>
        <kineticLaw>
          <listOfParameters>
            <parameter id="max" name="max" value="0.03201079286896094" />
            <parameter id="deltaProtein" name="deltaProtein" value="0.021431602382836083" />
            <parameter id="maxTranslation" name="maxTranslation" value="0.021431602382836083" />
            <parameter id="a_0" name="a_0" value="1.0" />
          </listOfParameters>
        </kineticLaw>
      </reaction>
      <reaction id="G19_degradation" name="G19_degradation" reversible="false">
        <listOfReactants>
          <speciesReference species="G19" />
        </listOfReactants>
        <listOfProducts>
          <speciesReference species="_void_" />
        </listOfProducts>
        <kineticLaw>
          <listOfParameters>
            <parameter id="delta" name="delta" value="0.03201079286896094" />
          </listOfParameters>
        </kineticLaw>
      </reaction>
      <reaction id="G20_synthesis" name="G20_synthesis: 12~3 + ~4 + ~5" reversible="false">
        <listOfReactants>
          <speciesReference species="_void_" />
        </listOfReactants>
        <listOfProducts>
          <speciesReference species="G20" />
        </listOfProducts>
        <listOfModifiers>
          <modifierSpeciesReference species="G23" />
          <modifierSpeciesReference species="G19" />
          <modifierSpeciesReference species="G24" />
          <modifierSpeciesReference species="G4" />
          <modifierSpeciesReference species="G21" />
        </listOfModifiers>
        <kineticLaw>
          <listOfParameters>
            <parameter id="max" name="max" value="0.01678924397366212" />
            <parameter id="deltaProtein" name="deltaProtein" value="0.0682040712940379" />
            <parameter id="maxTranslation" name="maxTranslation" value="0.0682040712940379" />
            <parameter id="bindsAsComplex_1" name="bindsAsComplex_1" value="0.0" />
            <parameter id="numActivators_1" name="numActivators_1" value="2.0" />
            <parameter id="numDeactivators_1" name="numDeactivators_1" value="1.0" />
            <parameter id="bindsAsComplex_2" name="bindsAsComplex_2" value="0.0" />
            <parameter id="numActivators_2" name="numActivators_2" value="1.0" />
            <parameter id="numDeactivators_2" name="numDeactivators_2" value="0.0" />
            <parameter id="bindsAsComplex_3" name="bindsAsComplex_3" value="0.0" />
            <parameter id="numActivators_3" name="numActivators_3" value="1.0" />
            <parameter id="numDeactivators_3" name="numDeactivators_3" value="0.0" />
            <parameter id="a_0" name="a_0" value="0.44802231144346105" />
            <parameter id="a_1" name="a_1" value="1.0" />
            <parameter id="a_2" name="a_2" value="0.0" />
            <parameter id="a_3" name="a_3" value="0.5458940938746969" />
            <parameter id="a_4" name="a_4" value="0.0" />
            <parameter id="a_5" name="a_5" value="0.5698176973576874" />
            <parameter id="a_6" name="a_6" value="0.0" />
            <parameter id="a_7" name="a_7" value="0.0" />
            <parameter id="k_1" name="k_1" value="0.14927751683488166" />
            <parameter id="k_2" name="k_2" value="0.09073156542978696" />
            <parameter id="k_3" name="k_3" value="0.2223270576909943" />
            <parameter id="k_4" name="k_4" value="0.1647738742689324" />
            <parameter id="k_5" name="k_5" value="0.09024067363391777" />
            <parameter id="n_1" name="n_1" value="1.3683367596416303" />
            <parameter id="n_2" name="n_2" value="2.101272724730207" />
            <parameter id="n_3" name="n_3" value="3.4215616742900097" />
            <parameter id="n_4" name="n_4" value="4.931744075818656" />
            <parameter id="n_5" name="n_5" value="4.629166882739053" />
          </listOfParameters>
        </kineticLaw>
      </reaction>
      <reaction id="G20_degradation" name="G20_degradation" reversible="false">
        <listOfReactants>
          <speciesReference species="G20" />
        </listOfReactants>
        <listOfProducts>
          <speciesReference species="_void_" />
        </listOfProducts>
        <kineticLaw>
          <listOfParameters>
            <parameter id="delta" name="delta" value="0.01678924397366212" />
          </listOfParameters>
        </kineticLaw>
      </reaction>
      <reaction id="G21_synthesis" name="G21_synthesis: 1" reversible="false">
        <listOfReactants>
          <speciesReference species="_void_" />
        </listOfReactants>
        <listOfProducts>
          <speciesReference species="G21" />
        </listOfProducts>
        <listOfModifiers>
          <modifierSpeciesReference species="G23" />
        </listOfModifiers>
        <kineticLaw>
          <listOfParameters>
            <parameter id="max" name="max" value="0.019556598717726976" />
            <parameter id="deltaProtein" name="deltaProtein" value="0.0294465862590905" />
            <parameter id="maxTranslation" name="maxTranslation" value="0.0294465862590905" />
            <parameter id="bindsAsComplex_1" name="bindsAsComplex_1" value="0.0" />
            <parameter id="numActivators_1" name="numActivators_1" value="1.0" />
            <parameter id="numDeactivators_1" name="numDeactivators_1" value="0.0" />
            <parameter id="a_0" name="a_0" value="0.020333140055498564" />
            <parameter id="a_1" name="a_1" value="1.0" />
            <parameter id="k_1" name="k_1" value="0.2364950357830396" />
            <parameter id="n_1" name="n_1" value="4.274875392564407" />
          </listOfParameters>
        </kineticLaw>
      </reaction>
      <reaction id="G21_degradation" name="G21_degradation" reversible="false">
        <listOfReactants>
          <speciesReference species="G21" />
        </listOfReactants>
        <listOfProducts>
          <speciesReference species="_void_" />
        </listOfProducts>
        <kineticLaw>
          <listOfParameters>
            <parameter id="delta" name="delta" value="0.019556598717726976" />
          </listOfParameters>
        </kineticLaw>
      </reaction>
      <reaction id="G22_synthesis" name="G22_synthesis: 1~2" reversible="false">
        <listOfReactants>
          <speciesReference species="_void_" />
        </listOfReactants>
        <listOfProducts>
          <speciesReference species="G22" />
        </listOfProducts>
        <listOfModifiers>
          <modifierSpeciesReference species="G17" />
          <modifierSpeciesReference species="G21" />
        </listOfModifiers>
        <kineticLaw>
          <listOfParameters>
            <parameter id="max" name="max" value="0.05624592586998773" />
            <parameter id="deltaProtein" name="deltaProtein" value="0.020964364634707168" />
            <parameter id="maxTranslation" name="maxTranslation" value="0.020964364634707168" />
            <parameter id="bindsAsComplex_1" name="bindsAsComplex_1" value="1.0" />
            <parameter id="numActivators_1" name="numActivators_1" value="1.0" />
            <parameter id="numDeactivators_1" name="numDeactivators_1" value="1.0" />
            <parameter id="a_0" name="a_0" value="0.05057361979874262" />
            <parameter id="a_1" name="a_1" value="1.0" />
            <parameter id="k_1" name="k_1" value="0.28310109800018296" />
            <parameter id="k_2" name="k_2" value="0.2901257794437197" />
            <parameter id="n_1" name="n_1" value="3.107568486659021" />
            <parameter id="n_2" name="n_2" value="3.449728222541094" />
          </listOfParameters>
        </kineticLaw>
      </reaction>
      <reaction id="G22_degradation" name="G22_degradation" reversible="false">
        <listOfReactants>
          <speciesReference species="G22" />
        </listOfReactants>
        <listOfProducts>
          <speciesReference species="_void_" />
        </listOfProducts>
        <kineticLaw>
          <listOfParameters>
            <parameter id="delta" name="delta" value="0.05624592586998773" />
          </listOfParameters>
        </kineticLaw>
      </reaction>
      <reaction id="G23_synthesis" name="G23_synthesis: no inputs" reversible="false">
        <listOfReactants>
          <speciesReference species="_void_" />
        </listOfReactants>
        <listOfProducts>
          <speciesReference species="G23" />
        </listOfProducts>
        <kineticLaw>
          <listOfParameters>
            <parameter id="max" name="max" value="0.045133407402339794" />
            <parameter id="deltaProtein" name="deltaProtein" value="0.022866659922045986" />
            <parameter id="maxTranslation" name="maxTranslation" value="0.022866659922045986" />
            <parameter id="a_0" name="a_0" value="1.0" />
          </listOfParameters>
        </kineticLaw>
      </reaction>
      <reaction id="G23_degradation" name="G23_degradation" reversible="false">
        <listOfReactants>
          <speciesReference species="G23" />
        </listOfReactants>
        <listOfProducts>
          <speciesReference species="_void_" />
        </listOfProducts>
        <kineticLaw>
          <listOfParameters>
            <parameter id="delta" name="delta" value="0.045133407402339794" />
          </listOfParameters>
        </kineticLaw>
      </reaction>
      <reaction id="G24_synthesis" name="G24_synthesis: no inputs" reversible="false">
        <listOfReactants>
          <speciesReference species="_void_" />
        </listOfReactants>
        <listOfProducts>
          <speciesReference species="G24" />
        </listOfProducts>
        <kineticLaw>
          <listOfParameters>
            <parameter id="max" name="max" value="0.02575750652138446" />
            <parameter id="deltaProtein" name="deltaProtein" value="0.025779439347680694" />
            <parameter id="maxTranslation" name="maxTranslation" value="0.025779439347680694" />
            <parameter id="a_0" name="a_0" value="1.0" />
          </listOfParameters>
        </kineticLaw>
      </reaction>
      <reaction id="G24_degradation" name="G24_degradation" reversible="false">
        <listOfReactants>
          <speciesReference species="G24" />
        </listOfReactants>
        <listOfProducts>
          <speciesReference species="_void_" />
        </listOfProducts>
        <kineticLaw>
          <listOfParameters>
            <parameter id="delta" name="delta" value="0.02575750652138446" />
          </listOfParameters>
        </kineticLaw>
      </reaction>
      <reaction id="G25_synthesis" name="G25_synthesis: ~1" reversible="false">
        <listOfReactants>
          <speciesReference species="_void_" />
        </listOfReactants>
        <listOfProducts>
          <speciesReference species="G25" />
        </listOfProducts>
        <listOfModifiers>
          <modifierSpeciesReference species="G22" />
        </listOfModifiers>
        <kineticLaw>
          <listOfParameters>
            <parameter id="max" name="max" value="0.02987724343292476" />
            <parameter id="deltaProtein" name="deltaProtein" value="0.031042355757673615" />
            <parameter id="maxTranslation" name="maxTranslation" value="0.031042355757673615" />
            <parameter id="bindsAsComplex_1" name="bindsAsComplex_1" value="1.0" />
            <parameter id="numActivators_1" name="numActivators_1" value="1.0" />
            <parameter id="numDeactivators_1" name="numDeactivators_1" value="0.0" />
            <parameter id="a_0" name="a_0" value="1.0" />
            <parameter id="a_1" name="a_1" value="0.09080582987164276" />
            <parameter id="k_1" name="k_1" value="0.017930143045818445" />
            <parameter id="n_1" name="n_1" value="2.113032854315817" />
          </listOfParameters>
        </kineticLaw>
      </reaction>
      <reaction id="G25_degradation" name="G25_degradation" reversible="false">
        <listOfReactants>
          <speciesReference species="G25" />
        </listOfReactants>
        <listOfProducts>
          <speciesReference species="_void_" />
        </listOfProducts>
        <kineticLaw>
          <listOfParameters>
            <parameter id="delta" name="delta" value="0.02987724343292476" />
          </listOfParameters>
        </kineticLaw>
      </reaction>
      <reaction id="G26_synthesis" name="G26_synthesis: ~1" reversible="false">
        <listOfReactants>
          <speciesReference species="_void_" />
        </listOfReactants>
        <listOfProducts>
          <speciesReference species="G26" />
        </listOfProducts>
        <listOfModifiers>
          <modifierSpeciesReference species="G23" />
        </listOfModifiers>
        <kineticLaw>
          <listOfParameters>
            <parameter id="max" name="max" value="0.02185467117004691" />
            <parameter id="deltaProtein" name="deltaProtein" value="0.02346176379403376" />
            <parameter id="maxTranslation" name="maxTranslation" value="0.02346176379403376" />
            <parameter id="bindsAsComplex_1" name="bindsAsComplex_1" value="1.0" />
            <parameter id="numActivators_1" name="numActivators_1" value="1.0" />
            <parameter id="numDeactivators_1" name="numDeactivators_1" value="0.0" />
            <parameter id="a_0" name="a_0" value="1.0" />
            <parameter id="a_1" name="a_1" value="0.06123205984098523" />
            <parameter id="k_1" name="k_1" value="0.20773332517687718" />
            <parameter id="n_1" name="n_1" value="3.4201271550216923" />
          </listOfParameters>
        </kineticLaw>
      </reaction>
      <reaction id="G26_degradation" name="G26_degradation" reversible="false">
        <listOfReactants>
          <speciesReference species="G26" />
        </listOfReactants>
        <listOfProducts>
          <speciesReference species="_void_" />
        </listOfProducts>
        <kineticLaw>
          <listOfParameters>
            <parameter id="delta" name="delta" value="0.02185467117004691" />
          </listOfParameters>
        </kineticLaw>
      </reaction>
      <reaction id="G27_synthesis" name="G27_synthesis: 1" reversible="false">
        <listOfReactants>
          <speciesReference species="_void_" />
        </listOfReactants>
        <listOfProducts>
          <speciesReference species="G27" />
        </listOfProducts>
        <listOfModifiers>
          <modifierSpeciesReference species="G23" />
        </listOfModifiers>
        <kineticLaw>
          <listOfParameters>
            <parameter id="max" name="max" value="0.023657504887478902" />
            <parameter id="deltaProtein" name="deltaProtein" value="0.035310231035838885" />
            <parameter id="maxTranslation" name="maxTranslation" value="0.035310231035838885" />
            <parameter id="bindsAsComplex_1" name="bindsAsComplex_1" value="0.0" />
            <parameter id="numActivators_1" name="numActivators_1" value="1.0" />
            <parameter id="numDeactivators_1" name="numDeactivators_1" value="0.0" />
            <parameter id="a_0" name="a_0" value="0.0024696988977008683" />
            <parameter id="a_1" name="a_1" value="1.0" />
            <parameter id="k_1" name="k_1" value="0.5351565369219314" />
            <parameter id="n_1" name="n_1" value="3.2905298404353243" />
          </listOfParameters>
        </kineticLaw>
      </reaction>
      <reaction id="G27_degradation" name="G27_degradation" reversible="false">
        <listOfReactants>
          <speciesReference species="G27" />
        </listOfReactants>
        <listOfProducts>
          <speciesReference species="_void_" />
        </listOfProducts>
        <kineticLaw>
          <listOfParameters>
            <parameter id="delta" name="delta" value="0.023657504887478902" />
          </listOfParameters>
        </kineticLaw>
      </reaction>
      <reaction id="G28_synthesis" name="G28_synthesis: no inputs" reversible="false">
        <listOfReactants>
          <speciesReference species="_void_" />
        </listOfReactants>
        <listOfProducts>
          <speciesReference species="G28" />
        </listOfProducts>
        <kineticLaw>
          <listOfParameters>
            <parameter id="max" name="max" value="0.03216528490491099" />
            <parameter id="deltaProtein" name="deltaProtein" value="0.034124129782097536" />
            <parameter id="maxTranslation" name="maxTranslation" value="0.034124129782097536" />
            <parameter id="a_0" name="a_0" value="1.0" />
          </listOfParameters>
        </kineticLaw>
      </reaction>
      <reaction id="G28_degradation" name="G28_degradation" reversible="false">
        <listOfReactants>
          <speciesReference species="G28" />
        </listOfReactants>
        <listOfProducts>
          <speciesReference species="_void_" />
        </listOfProducts>
        <kineticLaw>
          <listOfParameters>
            <parameter id="delta" name="delta" value="0.03216528490491099" />
          </listOfParameters>
        </kineticLaw>
      </reaction>
      <reaction id="G29_synthesis" name="G29_synthesis: ~(1~2)" reversible="false">
        <listOfReactants>
          <speciesReference species="_void_" />
        </listOfReactants>
        <listOfProducts>
          <speciesReference species="G29" />
        </listOfProducts>
        <listOfModifiers>
          <modifierSpeciesReference species="G38" />
          <modifierSpeciesReference species="G22" />
        </listOfModifiers>
        <kineticLaw>
          <listOfParameters>
            <parameter id="max" name="max" value="0.02233906348744472" />
            <parameter id="deltaProtein" name="deltaProtein" value="0.020783544098596677" />
            <parameter id="maxTranslation" name="maxTranslation" value="0.020783544098596677" />
            <parameter id="bindsAsComplex_1" name="bindsAsComplex_1" value="1.0" />
            <parameter id="numActivators_1" name="numActivators_1" value="1.0" />
            <parameter id="numDeactivators_1" name="numDeactivators_1" value="1.0" />
            <parameter id="a_0" name="a_0" value="1.0" />
            <parameter id="a_1" name="a_1" value="0.08990574909196747" />
            <parameter id="k_1" name="k_1" value="0.20638755951537824" />
            <parameter id="k_2" name="k_2" value="0.038626684984781855" />
            <parameter id="n_1" name="n_1" value="3.043674179460876" />
            <parameter id="n_2" name="n_2" value="1.9992843689820496" />
          </listOfParameters>
        </kineticLaw>
      </reaction>
      <reaction id="G29_degradation" name="G29_degradation" reversible="false">
        <listOfReactants>
          <speciesReference species="G29" />
        </listOfReactants>
        <listOfProducts>
          <speciesReference species="_void_" />
        </listOfProducts>
        <kineticLaw>
          <listOfParameters>
            <parameter id="delta" name="delta" value="0.02233906348744472" />
          </listOfParameters>
        </kineticLaw>
      </reaction>
      <reaction id="G30_synthesis" name="G30_synthesis: 1" reversible="false">
        <listOfReactants>
          <speciesReference species="_void_" />
        </listOfReactants>
        <listOfProducts>
          <speciesReference species="G30" />
        </listOfProducts>
        <listOfModifiers>
          <modifierSpeciesReference species="G23" />
        </listOfModifiers>
        <kineticLaw>
          <listOfParameters>
            <parameter id="max" name="max" value="0.023365610069333985" />
            <parameter id="deltaProtein" name="deltaProtein" value="0.026865429243946675" />
            <parameter id="maxTranslation" name="maxTranslation" value="0.026865429243946675" />
            <parameter id="bindsAsComplex_1" name="bindsAsComplex_1" value="0.0" />
            <parameter id="numActivators_1" name="numActivators_1" value="1.0" />
            <parameter id="numDeactivators_1" name="numDeactivators_1" value="0.0" />
            <parameter id="a_0" name="a_0" value="0.09997574125392923" />
            <parameter id="a_1" name="a_1" value="1.0" />
            <parameter id="k_1" name="k_1" value="0.06688081802326871" />
            <parameter id="n_1" name="n_1" value="3.361980457153374" />
          </listOfParameters>
        </kineticLaw>
      </reaction>
      <reaction id="G30_degradation" name="G30_degradation" reversible="false">
        <listOfReactants>
          <speciesReference species="G30" />
        </listOfReactants>
        <listOfProducts>
          <speciesReference species="_void_" />
        </listOfProducts>
        <kineticLaw>
          <listOfParameters>
            <parameter id="delta" name="delta" value="0.023365610069333985" />
          </listOfParameters>
        </kineticLaw>
      </reaction>
      <reaction id="G31_synthesis" name="G31_synthesis: ~(1~2)" reversible="false">
        <listOfReactants>
          <speciesReference species="_void_" />
        </listOfReactants>
        <listOfProducts>
          <speciesReference species="G31" />
        </listOfProducts>
        <listOfModifiers>
          <modifierSpeciesReference species="G38" />
          <modifierSpeciesReference species="G22" />
        </listOfModifiers>
        <kineticLaw>
          <listOfParameters>
            <parameter id="max" name="max" value="0.018454319334084708" />
            <parameter id="deltaProtein" name="deltaProtein" value="0.025910877942567707" />
            <parameter id="maxTranslation" name="maxTranslation" value="0.025910877942567707" />
            <parameter id="bindsAsComplex_1" name="bindsAsComplex_1" value="0.0" />
            <parameter id="numActivators_1" name="numActivators_1" value="1.0" />
            <parameter id="numDeactivators_1" name="numDeactivators_1" value="1.0" />
            <parameter id="a_0" name="a_0" value="1.0" />
            <parameter id="a_1" name="a_1" value="0.03132125250288842" />
            <parameter id="k_1" name="k_1" value="0.3867032388203184" />
            <parameter id="k_2" name="k_2" value="0.021290083502338974" />
            <parameter id="n_1" name="n_1" value="3.7655254809236665" />
            <parameter id="n_2" name="n_2" value="3.340270824225973" />
          </listOfParameters>
        </kineticLaw>
      </reaction>
      <reaction id="G31_degradation" name="G31_degradation" reversible="false">
        <listOfReactants>
          <speciesReference species="G31" />
        </listOfReactants>
        <listOfProducts>
          <speciesReference species="_void_" />
        </listOfProducts>
        <kineticLaw>
          <listOfParameters>
            <parameter id="delta" name="delta" value="0.018454319334084708" />
          </listOfParameters>
        </kineticLaw>
      </reaction>
      <reaction id="G32_synthesis" name="G32_synthesis: 1" reversible="false">
        <listOfReactants>
          <speciesReference species="_void_" />
        </listOfReactants>
        <listOfProducts>
          <speciesReference species="G32" />
        </listOfProducts>
        <listOfModifiers>
          <modifierSpeciesReference species="G28" />
        </listOfModifiers>
        <kineticLaw>
          <listOfParameters>
            <parameter id="max" name="max" value="0.015115601649071046" />
            <parameter id="deltaProtein" name="deltaProtein" value="0.023050203887907038" />
            <parameter id="maxTranslation" name="maxTranslation" value="0.023050203887907038" />
            <parameter id="bindsAsComplex_1" name="bindsAsComplex_1" value="0.0" />
            <parameter id="numActivators_1" name="numActivators_1" value="1.0" />
            <parameter id="numDeactivators_1" name="numDeactivators_1" value="0.0" />
            <parameter id="a_0" name="a_0" value="0.060842215775628566" />
            <parameter id="a_1" name="a_1" value="1.0" />
            <parameter id="k_1" name="k_1" value="0.1838597263722442" />
            <parameter id="n_1" name="n_1" value="1.1338977805871164" />
          </listOfParameters>
        </kineticLaw>
      </reaction>
      <reaction id="G32_degradation" name="G32_degradation" reversible="false">
        <listOfReactants>
          <speciesReference species="G32" />
        </listOfReactants>
        <listOfProducts>
          <speciesReference species="_void_" />
        </listOfProducts>
        <kineticLaw>
          <listOfParameters>
            <parameter id="delta" name="delta" value="0.015115601649071046" />
          </listOfParameters>
        </kineticLaw>
      </reaction>
      <reaction id="G33_synthesis" name="G33_synthesis: ~12" reversible="false">
        <listOfReactants>
          <speciesReference species="_void_" />
        </listOfReactants>
        <listOfProducts>
          <speciesReference species="G33" />
        </listOfProducts>
        <listOfModifiers>
          <modifierSpeciesReference species="G22" />
          <modifierSpeciesReference species="G38" />
        </listOfModifiers>
        <kineticLaw>
          <listOfParameters>
            <parameter id="max" name="max" value="0.024901285511406603" />
            <parameter id="deltaProtein" name="deltaProtein" value="0.027134554796234892" />
            <parameter id="maxTranslation" name="maxTranslation" value="0.027134554796234892" />
            <parameter id="bindsAsComplex_1" name="bindsAsComplex_1" value="0.0" />
            <parameter id="numActivators_1" name="numActivators_1" value="2.0" />
            <parameter id="numDeactivators_1" name="numDeactivators_1" value="0.0" />
            <parameter id="a_0" name="a_0" value="1.0" />
            <parameter id="a_1" name="a_1" value="0.021013364237916887" />
            <parameter id="k_1" name="k_1" value="0.17808395840233138" />
            <parameter id="k_2" name="k_2" value="0.13280697462388966" />
            <parameter id="n_1" name="n_1" value="1.773011169938896" />
            <parameter id="n_2" name="n_2" value="4.144606192235898" />
          </listOfParameters>
        </kineticLaw>
      </reaction>
      <reaction id="G33_degradation" name="G33_degradation" reversible="false">
        <listOfReactants>
          <speciesReference species="G33" />
        </listOfReactants>
        <listOfProducts>
          <speciesReference species="_void_" />
        </listOfProducts>
        <kineticLaw>
          <listOfParameters>
            <parameter id="delta" name="delta" value="0.024901285511406603" />
          </listOfParameters>
        </kineticLaw>
      </reaction>
      <reaction id="G34_synthesis" name="G34_synthesis: 1 + ~2" reversible="false">
        <listOfReactants>
          <speciesReference species="_void_" />
        </listOfReactants>
        <listOfProducts>
          <speciesReference species="G34" />
        </listOfProducts>
        <listOfModifiers>
          <modifierSpeciesReference species="G38" />
          <modifierSpeciesReference species="G22" />
        </listOfModifiers>
        <kineticLaw>
          <listOfParameters>
            <parameter id="max" name="max" value="0.020454139653726305" />
            <parameter id="deltaProtein" name="deltaProtein" value="0.03892337725446865" />
            <parameter id="maxTranslation" name="maxTranslation" value="0.03892337725446865" />
            <parameter id="bindsAsComplex_1" name="bindsAsComplex_1" value="0.0" />
            <parameter id="numActivators_1" name="numActivators_1" value="1.0" />
            <parameter id="numDeactivators_1" name="numDeactivators_1" value="0.0" />
            <parameter id="bindsAsComplex_2" name="bindsAsComplex_2" value="1.0" />
            <parameter id="numActivators_2" name="numActivators_2" value="1.0" />
            <parameter id="numDeactivators_2" name="numDeactivators_2" value="0.0" />
            <parameter id="a_0" name="a_0" value="0.5340863227688307" />
            <parameter id="a_1" name="a_1" value="1.0" />
            <parameter id="a_2" name="a_2" value="0.0" />
            <parameter id="a_3" name="a_3" value="0.4106351102343643" />
            <parameter id="k_1" name="k_1" value="0.5353693864507842" />
            <parameter id="k_2" name="k_2" value="0.06161576164095054" />
            <parameter id="n_1" name="n_1" value="3.84237460566053" />
            <parameter id="n_2" name="n_2" value="4.345075630180876" />
          </listOfParameters>
        </kineticLaw>
      </reaction>
      <reaction id="G34_degradation" name="G34_degradation" reversible="false">
        <listOfReactants>
          <speciesReference species="G34" />
        </listOfReactants>
        <listOfProducts>
          <speciesReference species="_void_" />
        </listOfProducts>
        <kineticLaw>
          <listOfParameters>
            <parameter id="delta" name="delta" value="0.020454139653726305" />
          </listOfParameters>
        </kineticLaw>
      </reaction>
      <reaction id="G35_synthesis" name="G35_synthesis: 12" reversible="false">
        <listOfReactants>
          <speciesReference species="_void_" />
        </listOfReactants>
        <listOfProducts>
          <speciesReference species="G35" />
        </listOfProducts>
        <listOfModifiers>
          <modifierSpeciesReference species="G22" />
          <modifierSpeciesReference species="G38" />
        </listOfModifiers>
        <kineticLaw>
          <listOfParameters>
            <parameter id="max" name="max" value="0.043844311209607405" />
            <parameter id="deltaProtein" name="deltaProtein" value="0.04408533835358562" />
            <parameter id="maxTranslation" name="maxTranslation" value="0.04408533835358562" />
            <parameter id="bindsAsComplex_1" name="bindsAsComplex_1" value="0.0" />
            <parameter id="numActivators_1" name="numActivators_1" value="2.0" />
            <parameter id="numDeactivators_1" name="numDeactivators_1" value="0.0" />
            <parameter id="a_0" name="a_0" value="0.055687546941730996" />
            <parameter id="a_1" name="a_1" value="1.0" />
            <parameter id="k_1" name="k_1" value="0.13173271147145146" />
            <parameter id="k_2" name="k_2" value="0.0936446814006538" />
            <parameter id="n_1" name="n_1" value="3.0742628883831693" />
            <parameter id="n_2" name="n_2" value="2.9267895104899893" />
          </listOfParameters>
        </kineticLaw>
      </reaction>
      <reaction id="G35_degradation" name="G35_degradation" reversible="false">
        <listOfReactants>
          <speciesReference species="G35" />
        </listOfReactants>
        <listOfProducts>
          <speciesReference species="_void_" />
        </listOfProducts>
        <kineticLaw>
          <listOfParameters>
            <parameter id="delta" name="delta" value="0.043844311209607405" />
          </listOfParameters>
        </kineticLaw>
      </reaction>
      <reaction id="G36_synthesis" name="G36_synthesis: ~1" reversible="false">
        <listOfReactants>
          <speciesReference species="_void_" />
        </listOfReactants>
        <listOfProducts>
          <speciesReference species="G36" />
        </listOfProducts>
        <listOfModifiers>
          <modifierSpeciesReference species="G23" />
        </listOfModifiers>
        <kineticLaw>
          <listOfParameters>
            <parameter id="max" name="max" value="0.03230547079283606" />
            <parameter id="deltaProtein" name="deltaProtein" value="0.023344146258260184" />
            <parameter id="maxTranslation" name="maxTranslation" value="0.023344146258260184" />
            <parameter id="bindsAsComplex_1" name="bindsAsComplex_1" value="1.0" />
            <parameter id="numActivators_1" name="numActivators_1" value="1.0" />
            <parameter id="numDeactivators_1" name="numDeactivators_1" value="0.0" />
            <parameter id="a_0" name="a_0" value="1.0" />
            <parameter id="a_1" name="a_1" value="0.04012522808930585" />
            <parameter id="k_1" name="k_1" value="0.16056900561366388" />
            <parameter id="n_1" name="n_1" value="2.5126148801942003" />
          </listOfParameters>
        </kineticLaw>
      </reaction>
      <reaction id="G36_degradation" name="G36_degradation" reversible="false">
        <listOfReactants>
          <speciesReference species="G36" />
        </listOfReactants>
        <listOfProducts>
          <speciesReference species="_void_" />
        </listOfProducts>
        <kineticLaw>
          <listOfParameters>
            <parameter id="delta" name="delta" value="0.03230547079283606" />
          </listOfParameters>
        </kineticLaw>
      </reaction>
      <reaction id="G37_synthesis" name="G37_synthesis: ~1 + 2" reversible="false">
        <listOfReactants>
          <speciesReference species="_void_" />
        </listOfReactants>
        <listOfProducts>
          <speciesReference species="G37" />
        </listOfProducts>
        <listOfModifiers>
          <modifierSpeciesReference species="G44" />
          <modifierSpeciesReference species="G21" />
        </listOfModifiers>
        <kineticLaw>
          <listOfParameters>
            <parameter id="max" name="max" value="0.021432864706801776" />
            <parameter id="deltaProtein" name="deltaProtein" value="0.02918658340099177" />
            <parameter id="maxTranslation" name="maxTranslation" value="0.02918658340099177" />
            <parameter id="bindsAsComplex_1" name="bindsAsComplex_1" value="0.0" />
            <parameter id="numActivators_1" name="numActivators_1" value="1.0" />
            <parameter id="numDeactivators_1" name="numDeactivators_1" value="0.0" />
            <parameter id="bindsAsComplex_2" name="bindsAsComplex_2" value="1.0" />
            <parameter id="numActivators_2" name="numActivators_2" value="1.0" />
            <parameter id="numDeactivators_2" name="numDeactivators_2" value="0.0" />
            <parameter id="a_0" name="a_0" value="0.623068404613431" />
            <parameter id="a_1" name="a_1" value="0.0" />
            <parameter id="a_2" name="a_2" value="1.0" />
            <parameter id="a_3" name="a_3" value="0.5339457060194827" />
            <parameter id="k_1" name="k_1" value="0.22077760018070403" />
            <parameter id="k_2" name="k_2" value="0.250373190936076" />
            <parameter id="n_1" name="n_1" value="2.3913801764449096" />
            <parameter id="n_2" name="n_2" value="6.176756853604544" />
          </listOfParameters>
        </kineticLaw>
      </reaction>
      <reaction id="G37_degradation" name="G37_degradation" reversible="false">
        <listOfReactants>
          <speciesReference species="G37" />
        </listOfReactants>
        <listOfProducts>
          <speciesReference species="_void_" />
        </listOfProducts>
        <kineticLaw>
          <listOfParameters>
            <parameter id="delta" name="delta" value="0.021432864706801776" />
          </listOfParameters>
        </kineticLaw>
      </reaction>
      <reaction id="G38_synthesis" name="G38_synthesis: ~12" reversible="false">
        <listOfReactants>
          <speciesReference species="_void_" />
        </listOfReactants>
        <listOfProducts>
          <speciesReference species="G38" />
        </listOfProducts>
        <listOfModifiers>
          <modifierSpeciesReference species="G22" />
          <modifierSpeciesReference species="G17" />
        </listOfModifiers>
        <kineticLaw>
          <listOfParameters>
            <parameter id="max" name="max" value="0.03234449354732069" />
            <parameter id="deltaProtein" name="deltaProtein" value="0.02181125664040286" />
            <parameter id="maxTranslation" name="maxTranslation" value="0.02181125664040286" />
            <parameter id="bindsAsComplex_1" name="bindsAsComplex_1" value="1.0" />
            <parameter id="numActivators_1" name="numActivators_1" value="2.0" />
            <parameter id="numDeactivators_1" name="numDeactivators_1" value="0.0" />
            <parameter id="a_0" name="a_0" value="1.0" />
            <parameter id="a_1" name="a_1" value="0.18428131167475648" />
            <parameter id="k_1" name="k_1" value="0.21021278636762444" />
            <parameter id="k_2" name="k_2" value="0.3525885435238519" />
            <parameter id="n_1" name="n_1" value="2.568793130444206" />
            <parameter id="n_2" name="n_2" value="5.067304578269822" />
          </listOfParameters>
        </kineticLaw>
      </reaction>
      <reaction id="G38_degradation" name="G38_degradation" reversible="false">
        <listOfReactants>
          <speciesReference species="G38" />
        </listOfReactants>
        <listOfProducts>
          <speciesReference species="_void_" />
        </listOfProducts>
        <kineticLaw>
          <listOfParameters>
            <parameter id="delta" name="delta" value="0.03234449354732069" />
          </listOfParameters>
        </kineticLaw>
      </reaction>
      <reaction id="G39_synthesis" name="G39_synthesis: ~1" reversible="false">
        <listOfReactants>
          <speciesReference species="_void_" />
        </listOfReactants>
        <listOfProducts>
          <speciesReference species="G39" />
        </listOfProducts>
        <listOfModifiers>
          <modifierSpeciesReference species="G38" />
        </listOfModifiers>
        <kineticLaw>
          <listOfParameters>
            <parameter id="max" name="max" value="0.02523914034949794" />
            <parameter id="deltaProtein" name="deltaProtein" value="0.04056696445725414" />
            <parameter id="maxTranslation" name="maxTranslation" value="0.04056696445725414" />
            <parameter id="bindsAsComplex_1" name="bindsAsComplex_1" value="1.0" />
            <parameter id="numActivators_1" name="numActivators_1" value="1.0" />
            <parameter id="numDeactivators_1" name="numDeactivators_1" value="0.0" />
            <parameter id="a_0" name="a_0" value="1.0" />
            <parameter id="a_1" name="a_1" value="5.282150720914425E-4" />
            <parameter id="k_1" name="k_1" value="0.2133147174821651" />
            <parameter id="n_1" name="n_1" value="2.9183337681825536" />
          </listOfParameters>
        </kineticLaw>
      </reaction>
      <reaction id="G39_degradation" name="G39_degradation" reversible="false">
        <listOfReactants>
          <speciesReference species="G39" />
        </listOfReactants>
        <listOfProducts>
          <speciesReference species="_void_" />
        </listOfProducts>
        <kineticLaw>
          <listOfParameters>
            <parameter id="delta" name="delta" value="0.02523914034949794" />
          </listOfParameters>
        </kineticLaw>
      </reaction>
      <reaction id="G40_synthesis" name="G40_synthesis: ~1" reversible="false">
        <listOfReactants>
          <speciesReference species="_void_" />
        </listOfReactants>
        <listOfProducts>
          <speciesReference species="G40" />
        </listOfProducts>
        <listOfModifiers>
          <modifierSpeciesReference species="G38" />
        </listOfModifiers>
        <kineticLaw>
          <listOfParameters>
            <parameter id="max" name="max" value="0.017049801261180365" />
            <parameter id="deltaProtein" name="deltaProtein" value="0.027355190506340957" />
            <parameter id="maxTranslation" name="maxTranslation" value="0.027355190506340957" />
            <parameter id="bindsAsComplex_1" name="bindsAsComplex_1" value="1.0" />
            <parameter id="numActivators_1" name="numActivators_1" value="1.0" />
            <parameter id="numDeactivators_1" name="numDeactivators_1" value="0.0" />
            <parameter id="a_0" name="a_0" value="1.0" />
            <parameter id="a_1" name="a_1" value="0.0058030190515634406" />
            <parameter id="k_1" name="k_1" value="0.2555335739234005" />
            <parameter id="n_1" name="n_1" value="2.0785122009965025" />
          </listOfParameters>
        </kineticLaw>
      </reaction>
      <reaction id="G40_degradation" name="G40_degradation" reversible="false">
        <listOfReactants>
          <speciesReference species="G40" />
        </listOfReactants>
        <listOfProducts>
          <speciesReference species="_void_" />
        </listOfProducts>
        <kineticLaw>
          <listOfParameters>
            <parameter id="delta" name="delta" value="0.017049801261180365" />
          </listOfParameters>
        </kineticLaw>
      </reaction>
      <reaction id="G41_synthesis" name="G41_synthesis: ~1" reversible="false">
        <listOfReactants>
          <speciesReference species="_void_" />
        </listOfReactants>
        <listOfProducts>
          <speciesReference species="G41" />
        </listOfProducts>
        <listOfModifiers>
          <modifierSpeciesReference species="G38" />
        </listOfModifiers>
        <kineticLaw>
          <listOfParameters>
            <parameter id="max" name="max" value="0.031169213526750044" />
            <parameter id="deltaProtein" name="deltaProtein" value="0.02111828281288933" />
            <parameter id="maxTranslation" name="maxTranslation" value="0.02111828281288933" />
            <parameter id="bindsAsComplex_1" name="bindsAsComplex_1" value="0.0" />
            <parameter id="numActivators_1" name="numActivators_1" value="1.0" />
            <parameter id="numDeactivators_1" name="numDeactivators_1" value="0.0" />
            <parameter id="a_0" name="a_0" value="1.0" />
            <parameter id="a_1" name="a_1" value="0.07610335829796111" />
            <parameter id="k_1" name="k_1" value="0.19193317053738712" />
            <parameter id="n_1" name="n_1" value="1.4036916941763717" />
          </listOfParameters>
        </kineticLaw>
      </reaction>
      <reaction id="G41_degradation" name="G41_degradation" reversible="false">
        <listOfReactants>
          <speciesReference species="G41" />
        </listOfReactants>
        <listOfProducts>
          <speciesReference species="_void_" />
        </listOfProducts>
        <kineticLaw>
          <listOfParameters>
            <parameter id="delta" name="delta" value="0.031169213526750044" />
          </listOfParameters>
        </kineticLaw>
      </reaction>
      <reaction id="G42_synthesis" name="G42_synthesis: ~1" reversible="false">
        <listOfReactants>
          <speciesReference species="_void_" />
        </listOfReactants>
        <listOfProducts>
          <speciesReference species="G42" />
        </listOfProducts>
        <listOfModifiers>
          <modifierSpeciesReference species="G38" />
        </listOfModifiers>
        <kineticLaw>
          <listOfParameters>
            <parameter id="max" name="max" value="0.025209027091772897" />
            <parameter id="deltaProtein" name="deltaProtein" value="0.07307877522192481" />
            <parameter id="maxTranslation" name="maxTranslation" value="0.07307877522192481" />
            <parameter id="bindsAsComplex_1" name="bindsAsComplex_1" value="1.0" />
            <parameter id="numActivators_1" name="numActivators_1" value="1.0" />
            <parameter id="numDeactivators_1" name="numDeactivators_1" value="0.0" />
            <parameter id="a_0" name="a_0" value="1.0" />
            <parameter id="a_1" name="a_1" value="0.0556275048573347" />
            <parameter id="k_1" name="k_1" value="0.28922513070322786" />
            <parameter id="n_1" name="n_1" value="1.7026017743646802" />
          </listOfParameters>
        </kineticLaw>
      </reaction>
      <reaction id="G42_degradation" name="G42_degradation" reversible="false">
        <listOfReactants>
          <speciesReference species="G42" />
        </listOfReactants>
        <listOfProducts>
          <speciesReference species="_void_" />
        </listOfProducts>
        <kineticLaw>
          <listOfParameters>
            <parameter id="delta" name="delta" value="0.025209027091772897" />
          </listOfParameters>
        </kineticLaw>
      </reaction>
      <reaction id="G43_synthesis" name="G43_synthesis: 1" reversible="false">
        <listOfReactants>
          <speciesReference species="_void_" />
        </listOfReactants>
        <listOfProducts>
          <speciesReference species="G43" />
        </listOfProducts>
        <listOfModifiers>
          <modifierSpeciesReference species="G38" />
        </listOfModifiers>
        <kineticLaw>
          <listOfParameters>
            <parameter id="max" name="max" value="0.0234744764794199" />
            <parameter id="deltaProtein" name="deltaProtein" value="0.031149013545898867" />
            <parameter id="maxTranslation" name="maxTranslation" value="0.031149013545898867" />
            <parameter id="bindsAsComplex_1" name="bindsAsComplex_1" value="1.0" />
            <parameter id="numActivators_1" name="numActivators_1" value="1.0" />
            <parameter id="numDeactivators_1" name="numDeactivators_1" value="0.0" />
            <parameter id="a_0" name="a_0" value="0.031803243362468515" />
            <parameter id="a_1" name="a_1" value="1.0" />
            <parameter id="k_1" name="k_1" value="0.25583759782054993" />
            <parameter id="n_1" name="n_1" value="1.6666120029280964" />
          </listOfParameters>
        </kineticLaw>
      </reaction>
      <reaction id="G43_degradation" name="G43_degradation" reversible="false">
        <listOfReactants>
          <speciesReference species="G43" />
        </listOfReactants>
        <listOfProducts>
          <speciesReference species="_void_" />
        </listOfProducts>
        <kineticLaw>
          <listOfParameters>
            <parameter id="delta" name="delta" value="0.0234744764794199" />
          </listOfParameters>
        </kineticLaw>
      </reaction>
      <reaction id="G44_synthesis" name="G44_synthesis: 1" reversible="false">
        <listOfReactants>
          <speciesReference species="_void_" />
        </listOfReactants>
        <listOfProducts>
          <speciesReference species="G44" />
        </listOfProducts>
        <listOfModifiers>
          <modifierSpeciesReference species="G21" />
        </listOfModifiers>
        <kineticLaw>
          <listOfParameters>
            <parameter id="max" name="max" value="0.02095706238879891" />
            <parameter id="deltaProtein" name="deltaProtein" value="0.0289069314491763" />
            <parameter id="maxTranslation" name="maxTranslation" value="0.0289069314491763" />
            <parameter id="bindsAsComplex_1" name="bindsAsComplex_1" value="1.0" />
            <parameter id="numActivators_1" name="numActivators_1" value="1.0" />
            <parameter id="numDeactivators_1" name="numDeactivators_1" value="0.0" />
            <parameter id="a_0" name="a_0" value="0.0556385015019133" />
            <parameter id="a_1" name="a_1" value="1.0" />
            <parameter id="k_1" name="k_1" value="0.13695766286694955" />
            <parameter id="n_1" name="n_1" value="2.267713951317329" />
          </listOfParameters>
        </kineticLaw>
      </reaction>
      <reaction id="G44_degradation" name="G44_degradation" reversible="false">
        <listOfReactants>
          <speciesReference species="G44" />
        </listOfReactants>
        <listOfProducts>
          <speciesReference species="_void_" />
        </listOfProducts>
        <kineticLaw>
          <listOfParameters>
            <parameter id="delta" name="delta" value="0.02095706238879891" />
          </listOfParameters>
        </kineticLaw>
      </reaction>
      <reaction id="G45_synthesis" name="G45_synthesis: ~(1~2)" reversible="false">
        <listOfReactants>
          <speciesReference species="_void_" />
        </listOfReactants>
        <listOfProducts>
          <speciesReference species="G45" />
        </listOfProducts>
        <listOfModifiers>
          <modifierSpeciesReference species="G23" />
          <modifierSpeciesReference species="G50" />
        </listOfModifiers>
        <kineticLaw>
          <listOfParameters>
            <parameter id="max" name="max" value="0.036660396520461665" />
            <parameter id="deltaProtein" name="deltaProtein" value="0.021469846529553048" />
            <parameter id="maxTranslation" name="maxTranslation" value="0.021469846529553048" />
            <parameter id="bindsAsComplex_1" name="bindsAsComplex_1" value="0.0" />
            <parameter id="numActivators_1" name="numActivators_1" value="1.0" />
            <parameter id="numDeactivators_1" name="numDeactivators_1" value="1.0" />
            <parameter id="a_0" name="a_0" value="1.0" />
            <parameter id="a_1" name="a_1" value="0.20106639125669357" />
            <parameter id="k_1" name="k_1" value="0.10051856496747577" />
            <parameter id="k_2" name="k_2" value="0.10043008855699737" />
            <parameter id="n_1" name="n_1" value="2.5329811651400496" />
            <parameter id="n_2" name="n_2" value="3.1144191849781833" />
          </listOfParameters>
        </kineticLaw>
      </reaction>
      <reaction id="G45_degradation" name="G45_degradation" reversible="false">
        <listOfReactants>
          <speciesReference species="G45" />
        </listOfReactants>
        <listOfProducts>
          <speciesReference species="_void_" />
        </listOfProducts>
        <kineticLaw>
          <listOfParameters>
            <parameter id="delta" name="delta" value="0.036660396520461665" />
          </listOfParameters>
        </kineticLaw>
      </reaction>
      <reaction id="G46_synthesis" name="G46_synthesis: ~1" reversible="false">
        <listOfReactants>
          <speciesReference species="_void_" />
        </listOfReactants>
        <listOfProducts>
          <speciesReference species="G46" />
        </listOfProducts>
        <listOfModifiers>
          <modifierSpeciesReference species="G38" />
        </listOfModifiers>
        <kineticLaw>
          <listOfParameters>
            <parameter id="max" name="max" value="0.024398087252305863" />
            <parameter id="deltaProtein" name="deltaProtein" value="0.027987806757787812" />
            <parameter id="maxTranslation" name="maxTranslation" value="0.027987806757787812" />
            <parameter id="bindsAsComplex_1" name="bindsAsComplex_1" value="0.0" />
            <parameter id="numActivators_1" name="numActivators_1" value="1.0" />
            <parameter id="numDeactivators_1" name="numDeactivators_1" value="0.0" />
            <parameter id="a_0" name="a_0" value="1.0" />
            <parameter id="a_1" name="a_1" value="0.007043006087737336" />
            <parameter id="k_1" name="k_1" value="0.014730287693894329" />
            <parameter id="n_1" name="n_1" value="3.728543779657138" />
          </listOfParameters>
        </kineticLaw>
      </reaction>
      <reaction id="G46_degradation" name="G46_degradation" reversible="false">
        <listOfReactants>
          <speciesReference species="G46" />
        </listOfReactants>
        <listOfProducts>
          <speciesReference species="_void_" />
        </listOfProducts>
        <kineticLaw>
          <listOfParameters>
            <parameter id="delta" name="delta" value="0.024398087252305863" />
          </listOfParameters>
        </kineticLaw>
      </reaction>
      <reaction id="G47_synthesis" name="G47_synthesis: 1" reversible="false">
        <listOfReactants>
          <speciesReference species="_void_" />
        </listOfReactants>
        <listOfProducts>
          <speciesReference species="G47" />
        </listOfProducts>
        <listOfModifiers>
          <modifierSpeciesReference species="G38" />
        </listOfModifiers>
        <kineticLaw>
          <listOfParameters>
            <parameter id="max" name="max" value="0.02071510263881486" />
            <parameter id="deltaProtein" name="deltaProtein" value="0.022418907454775906" />
            <parameter id="maxTranslation" name="maxTranslation" value="0.022418907454775906" />
            <parameter id="bindsAsComplex_1" name="bindsAsComplex_1" value="1.0" />
            <parameter id="numActivators_1" name="numActivators_1" value="1.0" />
            <parameter id="numDeactivators_1" name="numDeactivators_1" value="0.0" />
            <parameter id="a_0" name="a_0" value="0.007739104876899673" />
            <parameter id="a_1" name="a_1" value="1.0" />
            <parameter id="k_1" name="k_1" value="0.03957041051128657" />
            <parameter id="n_1" name="n_1" value="2.718781324152957" />
          </listOfParameters>
        </kineticLaw>
      </reaction>
      <reaction id="G47_degradation" name="G47_degradation" reversible="false">
        <listOfReactants>
          <speciesReference species="G47" />
        </listOfReactants>
        <listOfProducts>
          <speciesReference species="_void_" />
        </listOfProducts>
        <kineticLaw>
          <listOfParameters>
            <parameter id="delta" name="delta" value="0.02071510263881486" />
          </listOfParameters>
        </kineticLaw>
      </reaction>
      <reaction id="G48_synthesis" name="G48_synthesis: 1" reversible="false">
        <listOfReactants>
          <speciesReference species="_void_" />
        </listOfReactants>
        <listOfProducts>
          <speciesReference species="G48" />
        </listOfProducts>
        <listOfModifiers>
          <modifierSpeciesReference species="G23" />
        </listOfModifiers>
        <kineticLaw>
          <listOfParameters>
            <parameter id="max" name="max" value="0.02112933063245501" />
            <parameter id="deltaProtein" name="deltaProtein" value="0.03168066344067802" />
            <parameter id="maxTranslation" name="maxTranslation" value="0.03168066344067802" />
            <parameter id="bindsAsComplex_1" name="bindsAsComplex_1" value="1.0" />
            <parameter id="numActivators_1" name="numActivators_1" value="1.0" />
            <parameter id="numDeactivators_1" name="numDeactivators_1" value="0.0" />
            <parameter id="a_0" name="a_0" value="0.001337235296031934" />
            <parameter id="a_1" name="a_1" value="1.0" />
            <parameter id="k_1" name="k_1" value="0.05239383624466806" />
            <parameter id="n_1" name="n_1" value="2.8235942433657457" />
          </listOfParameters>
        </kineticLaw>
      </reaction>
      <reaction id="G48_degradation" name="G48_degradation" reversible="false">
        <listOfReactants>
          <speciesReference species="G48" />
        </listOfReactants>
        <listOfProducts>
          <speciesReference species="_void_" />
        </listOfProducts>
        <kineticLaw>
          <listOfParameters>
            <parameter id="delta" name="delta" value="0.02112933063245501" />
          </listOfParameters>
        </kineticLaw>
      </reaction>
      <reaction id="G49_synthesis" name="G49_synthesis: 1" reversible="false">
        <listOfReactants>
          <speciesReference species="_void_" />
        </listOfReactants>
        <listOfProducts>
          <speciesReference species="G49" />
        </listOfProducts>
        <listOfModifiers>
          <modifierSpeciesReference species="G17" />
        </listOfModifiers>
        <kineticLaw>
          <listOfParameters>
            <parameter id="max" name="max" value="0.017905925461478324" />
            <parameter id="deltaProtein" name="deltaProtein" value="0.025145865741976286" />
            <parameter id="maxTranslation" name="maxTranslation" value="0.025145865741976286" />
            <parameter id="bindsAsComplex_1" name="bindsAsComplex_1" value="1.0" />
            <parameter id="numActivators_1" name="numActivators_1" value="1.0" />
            <parameter id="numDeactivators_1" name="numDeactivators_1" value="0.0" />
            <parameter id="a_0" name="a_0" value="0.0027490070427802554" />
            <parameter id="a_1" name="a_1" value="1.0" />
            <parameter id="k_1" name="k_1" value="0.4189814665756747" />
            <parameter id="n_1" name="n_1" value="2.305598633811016" />
          </listOfParameters>
        </kineticLaw>
      </reaction>
      <reaction id="G49_degradation" name="G49_degradation" reversible="false">
        <listOfReactants>
          <speciesReference species="G49" />
        </listOfReactants>
        <listOfProducts>
          <speciesReference species="_void_" />
        </listOfProducts>
        <kineticLaw>
          <listOfParameters>
            <parameter id="delta" name="delta" value="0.017905925461478324" />
          </listOfParameters>
        </kineticLaw>
      </reaction>
      <reaction id="G50_synthesis" name="G50_synthesis: no inputs" reversible="false">
        <listOfReactants>
          <speciesReference species="_void_" />
        </listOfReactants>
        <listOfProducts>
          <speciesReference species="G50" />
        </listOfProducts>
        <kineticLaw>
          <listOfParameters>
            <parameter id="max" name="max" value="0.016121190122314194" />
            <parameter id="deltaProtein" name="deltaProtein" value="0.019303093283793264" />
            <parameter id="maxTranslation" name="maxTranslation" value="0.019303093283793264" />
            <parameter id="a_0" name="a_0" value="1.0" />
          </listOfParameters>
        </kineticLaw>
      </reaction>
      <reaction id="G50_degradation" name="G50_degradation" reversible="false">
        <listOfReactants>
          <speciesReference species="G50" />
        </listOfReactants>
        <listOfProducts>
          <speciesReference species="_void_" />
        </listOfProducts>
        <kineticLaw>
          <listOfParameters>
            <parameter id="delta" name="delta" value="0.016121190122314194" />
          </listOfParameters>
        </kineticLaw>
      </reaction>
    </listOfReactions>
  </model>
</sbml>
