<?xml version="1.0" encoding="UTF-8"?>
<sbml xmlns="http://www.sbml.org/sbml/level2" xmlns:html="http://www.w3.org/1999/xhtml" xmlns:jigcell="http://www.sbml.org/2001/ns/jigcell" xmlns:math="http://www.w3.org/1998/Math/MathML" xmlns:rdf="http://www.w3.org/1999/02/22-rdf-syntax-ns#" xmlns:sbml="http://www.sbml.org/sbml/level2" xmlns:xlink="http://www.w3.org/1999/xlink" level="2" version="1">
  <model name="InSilicoSize10-Yeast1">
<notes><p xmlns="http://www.w3.org/1999/xhtml">This network is a child of the network "RegulyYeast" generated by Eepidemic.</p></notes>
    <listOfCompartments>
      <compartment id="cell" name="cell" size="1.0" />
    </listOfCompartments>
    <listOfSpecies>
      <species id="G1" name="G1" compartment="cell" />
      <species id="G2" name="G2" compartment="cell" />
      <species id="G3" name="G3" compartment="cell" />
      <species id="G4" name="G4" compartment="cell" />
      <species id="G5" name="G5" compartment="cell" />
      <species id="G6" name="G6" compartment="cell" />
      <species id="G7" name="G7" compartment="cell" />
      <species id="G8" name="G8" compartment="cell" />
      <species id="G9" name="G9" compartment="cell" />
      <species id="G10" name="G10" compartment="cell" />
      <species id="_void_" name="_void_" compartment="cell" initialAmount="0.0" boundaryCondition="true" constant="true" />
    </listOfSpecies>
    <listOfReactions>
      <reaction id="G1_synthesis" name="G1_synthesis: ~1" reversible="false">
        <listOfReactants>
          <speciesReference species="_void_" />
        </listOfReactants>
        <listOfProducts>
          <speciesReference species="G1" />
        </listOfProducts>
        <listOfModifiers>
          <modifierSpeciesReference species="G3" />
        </listOfModifiers>
        <kineticLaw>
          <listOfParameters>
            <parameter id="max" name="max" value="0.08320136528032004" />
            <parameter id="deltaProtein" name="deltaProtein" value="0.02311768684134972" />
            <parameter id="maxTranslation" name="maxTranslation" value="0.02311768684134972" />
            <parameter id="bindsAsComplex_1" name="bindsAsComplex_1" value="1.0" />
            <parameter id="numActivators_1" name="numActivators_1" value="1.0" />
            <parameter id="numDeactivators_1" name="numDeactivators_1" value="0.0" />
            <parameter id="a_0" name="a_0" value="1.0" />
            <parameter id="a_1" name="a_1" value="0.026106463756596865" />
            <parameter id="k_1" name="k_1" value="0.25906690323168957" />
            <parameter id="n_1" name="n_1" value="1.0315239265126555" />
          </listOfParameters>
        </kineticLaw>
      </reaction>
      <reaction id="G1_degradation" name="G1_degradation" reversible="false">
        <listOfReactants>
          <speciesReference species="G1" />
        </listOfReactants>
        <listOfProducts>
          <speciesReference species="_void_" />
        </listOfProducts>
        <kineticLaw>
          <listOfParameters>
            <parameter id="delta" name="delta" value="0.08320136528032004" />
          </listOfParameters>
        </kineticLaw>
      </reaction>
      <reaction id="G2_synthesis" name="G2_synthesis: ~1" reversible="false">
        <listOfReactants>
          <speciesReference species="_void_" />
        </listOfReactants>
        <listOfProducts>
          <speciesReference species="G2" />
        </listOfProducts>
        <listOfModifiers>
          <modifierSpeciesReference species="G1" />
        </listOfModifiers>
        <kineticLaw>
          <listOfParameters>
            <parameter id="max" name="max" value="0.026791124562720457" />
            <parameter id="deltaProtein" name="deltaProtein" value="0.029103364709381123" />
            <parameter id="maxTranslation" name="maxTranslation" value="0.029103364709381123" />
            <parameter id="bindsAsComplex_1" name="bindsAsComplex_1" value="1.0" />
            <parameter id="numActivators_1" name="numActivators_1" value="1.0" />
            <parameter id="numDeactivators_1" name="numDeactivators_1" value="0.0" />
            <parameter id="a_0" name="a_0" value="1.0" />
            <parameter id="a_1" name="a_1" value="0.01583283167401195" />
            <parameter id="k_1" name="k_1" value="0.13778430965303884" />
            <parameter id="n_1" name="n_1" value="1.0015706410699983" />
          </listOfParameters>
        </kineticLaw>
      </reaction>
      <reaction id="G2_degradation" name="G2_degradation" reversible="false">
        <listOfReactants>
          <speciesReference species="G2" />
        </listOfReactants>
        <listOfProducts>
          <speciesReference species="_void_" />
        </listOfProducts>
        <kineticLaw>
          <listOfParameters>
            <parameter id="delta" name="delta" value="0.026791124562720457" />
          </listOfParameters>
        </kineticLaw>
      </reaction>
      <reaction id="G3_synthesis" name="G3_synthesis: no inputs" reversible="false">
        <listOfReactants>
          <speciesReference species="_void_" />
        </listOfReactants>
        <listOfProducts>
          <speciesReference species="G3" />
        </listOfProducts>
        <kineticLaw>
          <listOfParameters>
            <parameter id="max" name="max" value="0.020879510410462834" />
            <parameter id="deltaProtein" name="deltaProtein" value="0.023528306250743924" />
            <parameter id="maxTranslation" name="maxTranslation" value="0.023528306250743924" />
            <parameter id="a_0" name="a_0" value="1.0" />
          </listOfParameters>
        </kineticLaw>
      </reaction>
      <reaction id="G3_degradation" name="G3_degradation" reversible="false">
        <listOfReactants>
          <speciesReference species="G3" />
        </listOfReactants>
        <listOfProducts>
          <speciesReference species="_void_" />
        </listOfProducts>
        <kineticLaw>
          <listOfParameters>
            <parameter id="delta" name="delta" value="0.020879510410462834" />
          </listOfParameters>
        </kineticLaw>
      </reaction>
      <reaction id="G4_synthesis" name="G4_synthesis: ~1 + ~2" reversible="false">
        <listOfReactants>
          <speciesReference species="_void_" />
        </listOfReactants>
        <listOfProducts>
          <speciesReference species="G4" />
        </listOfProducts>
        <listOfModifiers>
          <modifierSpeciesReference species="G6" />
          <modifierSpeciesReference species="G1" />
        </listOfModifiers>
        <kineticLaw>
          <listOfParameters>
            <parameter id="max" name="max" value="0.024512972165690452" />
            <parameter id="deltaProtein" name="deltaProtein" value="0.036667378262610184" />
            <parameter id="maxTranslation" name="maxTranslation" value="0.036667378262610184" />
            <parameter id="bindsAsComplex_1" name="bindsAsComplex_1" value="0.0" />
            <parameter id="numActivators_1" name="numActivators_1" value="1.0" />
            <parameter id="numDeactivators_1" name="numDeactivators_1" value="0.0" />
            <parameter id="bindsAsComplex_2" name="bindsAsComplex_2" value="0.0" />
            <parameter id="numActivators_2" name="numActivators_2" value="1.0" />
            <parameter id="numDeactivators_2" name="numDeactivators_2" value="0.0" />
            <parameter id="a_0" name="a_0" value="1.0" />
            <parameter id="a_1" name="a_1" value="0.42894091887845165" />
            <parameter id="a_2" name="a_2" value="0.2937296324982921" />
            <parameter id="a_3" name="a_3" value="0.0" />
            <parameter id="k_1" name="k_1" value="0.01204377673750134" />
            <parameter id="k_2" name="k_2" value="0.08836876964787234" />
            <parameter id="n_1" name="n_1" value="3.2921696756450762" />
            <parameter id="n_2" name="n_2" value="2.2355437540426406" />
          </listOfParameters>
        </kineticLaw>
      </reaction>
      <reaction id="G4_degradation" name="G4_degradation" reversible="false">
        <listOfReactants>
          <speciesReference species="G4" />
        </listOfReactants>
        <listOfProducts>
          <speciesReference species="_void_" />
        </listOfProducts>
        <kineticLaw>
          <listOfParameters>
            <parameter id="delta" name="delta" value="0.024512972165690452" />
          </listOfParameters>
        </kineticLaw>
      </reaction>
      <reaction id="G5_synthesis" name="G5_synthesis: 1 + ~2" reversible="false">
        <listOfReactants>
          <speciesReference species="_void_" />
        </listOfReactants>
        <listOfProducts>
          <speciesReference species="G5" />
        </listOfProducts>
        <listOfModifiers>
          <modifierSpeciesReference species="G1" />
          <modifierSpeciesReference species="G3" />
        </listOfModifiers>
        <kineticLaw>
          <listOfParameters>
            <parameter id="max" name="max" value="0.03200117992803256" />
            <parameter id="deltaProtein" name="deltaProtein" value="0.04599106182534504" />
            <parameter id="maxTranslation" name="maxTranslation" value="0.04599106182534504" />
            <parameter id="bindsAsComplex_1" name="bindsAsComplex_1" value="1.0" />
            <parameter id="numActivators_1" name="numActivators_1" value="1.0" />
            <parameter id="numDeactivators_1" name="numDeactivators_1" value="0.0" />
            <parameter id="bindsAsComplex_2" name="bindsAsComplex_2" value="1.0" />
            <parameter id="numActivators_2" name="numActivators_2" value="1.0" />
            <parameter id="numDeactivators_2" name="numDeactivators_2" value="0.0" />
            <parameter id="a_0" name="a_0" value="0.5878858247397332" />
            <parameter id="a_1" name="a_1" value="1.0" />
            <parameter id="a_2" name="a_2" value="0.028346464066411725" />
            <parameter id="a_3" name="a_3" value="0.7983309783502115" />
            <parameter id="k_1" name="k_1" value="0.28842980766773396" />
            <parameter id="k_2" name="k_2" value="0.20524208503091068" />
            <parameter id="n_1" name="n_1" value="5.4182723397272365" />
            <parameter id="n_2" name="n_2" value="4.833776643468859" />
          </listOfParameters>
        </kineticLaw>
      </reaction>
      <reaction id="G5_degradation" name="G5_degradation" reversible="false">
        <listOfReactants>
          <speciesReference species="G5" />
        </listOfReactants>
        <listOfProducts>
          <speciesReference species="_void_" />
        </listOfProducts>
        <kineticLaw>
          <listOfParameters>
            <parameter id="delta" name="delta" value="0.03200117992803256" />
          </listOfParameters>
        </kineticLaw>
      </reaction>
      <reaction id="G6_synthesis" name="G6_synthesis: no inputs" reversible="false">
        <listOfReactants>
          <speciesReference species="_void_" />
        </listOfReactants>
        <listOfProducts>
          <speciesReference species="G6" />
        </listOfProducts>
        <kineticLaw>
          <listOfParameters>
            <parameter id="max" name="max" value="0.038502465072938474" />
            <parameter id="deltaProtein" name="deltaProtein" value="0.028606064556624764" />
            <parameter id="maxTranslation" name="maxTranslation" value="0.028606064556624764" />
            <parameter id="a_0" name="a_0" value="1.0" />
          </listOfParameters>
        </kineticLaw>
      </reaction>
      <reaction id="G6_degradation" name="G6_degradation" reversible="false">
        <listOfReactants>
          <speciesReference species="G6" />
        </listOfReactants>
        <listOfProducts>
          <speciesReference species="_void_" />
        </listOfProducts>
        <kineticLaw>
          <listOfParameters>
            <parameter id="delta" name="delta" value="0.038502465072938474" />
          </listOfParameters>
        </kineticLaw>
      </reaction>
      <reaction id="G7_synthesis" name="G7_synthesis: ~12" reversible="false">
        <listOfReactants>
          <speciesReference species="_void_" />
        </listOfReactants>
        <listOfProducts>
          <speciesReference species="G7" />
        </listOfProducts>
        <listOfModifiers>
          <modifierSpeciesReference species="G10" />
          <modifierSpeciesReference species="G5" />
        </listOfModifiers>
        <kineticLaw>
          <listOfParameters>
            <parameter id="max" name="max" value="0.02084382621064106" />
            <parameter id="deltaProtein" name="deltaProtein" value="0.0224813956935141" />
            <parameter id="maxTranslation" name="maxTranslation" value="0.0224813956935141" />
            <parameter id="bindsAsComplex_1" name="bindsAsComplex_1" value="1.0" />
            <parameter id="numActivators_1" name="numActivators_1" value="2.0" />
            <parameter id="numDeactivators_1" name="numDeactivators_1" value="0.0" />
            <parameter id="a_0" name="a_0" value="1.0" />
            <parameter id="a_1" name="a_1" value="0.025103107238588107" />
            <parameter id="k_1" name="k_1" value="0.31908316620440635" />
            <parameter id="k_2" name="k_2" value="0.05061726145762013" />
            <parameter id="n_1" name="n_1" value="3.2872708946636227" />
            <parameter id="n_2" name="n_2" value="2.838685325716094" />
          </listOfParameters>
        </kineticLaw>
      </reaction>
      <reaction id="G7_degradation" name="G7_degradation" reversible="false">
        <listOfReactants>
          <speciesReference species="G7" />
        </listOfReactants>
        <listOfProducts>
          <speciesReference species="_void_" />
        </listOfProducts>
        <kineticLaw>
          <listOfParameters>
            <parameter id="delta" name="delta" value="0.02084382621064106" />
          </listOfParameters>
        </kineticLaw>
      </reaction>
      <reaction id="G8_synthesis" name="G8_synthesis: ~1" reversible="false">
        <listOfReactants>
          <speciesReference species="_void_" />
        </listOfReactants>
        <listOfProducts>
          <speciesReference species="G8" />
        </listOfProducts>
        <listOfModifiers>
          <modifierSpeciesReference species="G7" />
        </listOfModifiers>
        <kineticLaw>
          <listOfParameters>
            <parameter id="max" name="max" value="0.03729610965886363" />
            <parameter id="deltaProtein" name="deltaProtein" value="0.020764772067868635" />
            <parameter id="maxTranslation" name="maxTranslation" value="0.020764772067868635" />
            <parameter id="bindsAsComplex_1" name="bindsAsComplex_1" value="1.0" />
            <parameter id="numActivators_1" name="numActivators_1" value="1.0" />
            <parameter id="numDeactivators_1" name="numDeactivators_1" value="0.0" />
            <parameter id="a_0" name="a_0" value="1.0" />
            <parameter id="a_1" name="a_1" value="0.010104388359692074" />
            <parameter id="k_1" name="k_1" value="0.09389739066104297" />
            <parameter id="n_1" name="n_1" value="2.3449139212563233" />
          </listOfParameters>
        </kineticLaw>
      </reaction>
      <reaction id="G8_degradation" name="G8_degradation" reversible="false">
        <listOfReactants>
          <speciesReference species="G8" />
        </listOfReactants>
        <listOfProducts>
          <speciesReference species="_void_" />
        </listOfProducts>
        <kineticLaw>
          <listOfParameters>
            <parameter id="delta" name="delta" value="0.03729610965886363" />
          </listOfParameters>
        </kineticLaw>
      </reaction>
      <reaction id="G9_synthesis" name="G9_synthesis: ~1" reversible="false">
        <listOfReactants>
          <speciesReference species="_void_" />
        </listOfReactants>
        <listOfProducts>
          <speciesReference species="G9" />
        </listOfProducts>
        <listOfModifiers>
          <modifierSpeciesReference species="G4" />
        </listOfModifiers>
        <kineticLaw>
          <listOfParameters>
            <parameter id="max" name="max" value="0.024692653718729387" />
            <parameter id="deltaProtein" name="deltaProtein" value="0.014375787536430167" />
            <parameter id="maxTranslation" name="maxTranslation" value="0.014375787536430167" />
            <parameter id="bindsAsComplex_1" name="bindsAsComplex_1" value="1.0" />
            <parameter id="numActivators_1" name="numActivators_1" value="1.0" />
            <parameter id="numDeactivators_1" name="numDeactivators_1" value="0.0" />
            <parameter id="a_0" name="a_0" value="1.0" />
            <parameter id="a_1" name="a_1" value="0.21516677601194423" />
            <parameter id="k_1" name="k_1" value="0.46048537218625646" />
            <parameter id="n_1" name="n_1" value="1.7989107731513365" />
          </listOfParameters>
        </kineticLaw>
      </reaction>
      <reaction id="G9_degradation" name="G9_degradation" reversible="false">
        <listOfReactants>
          <speciesReference species="G9" />
        </listOfReactants>
        <listOfProducts>
          <speciesReference species="_void_" />
        </listOfProducts>
        <kineticLaw>
          <listOfParameters>
            <parameter id="delta" name="delta" value="0.024692653718729387" />
          </listOfParameters>
        </kineticLaw>
      </reaction>
      <reaction id="G10_synthesis" name="G10_synthesis: no inputs" reversible="false">
        <listOfReactants>
          <speciesReference species="_void_" />
        </listOfReactants>
        <listOfProducts>
          <speciesReference species="G10" />
        </listOfProducts>
        <kineticLaw>
          <listOfParameters>
            <parameter id="max" name="max" value="0.02200898990306298" />
            <parameter id="deltaProtein" name="deltaProtein" value="0.018670006475291583" />
            <parameter id="maxTranslation" name="maxTranslation" value="0.018670006475291583" />
            <parameter id="a_0" name="a_0" value="1.0" />
          </listOfParameters>
        </kineticLaw>
      </reaction>
      <reaction id="G10_degradation" name="G10_degradation" reversible="false">
        <listOfReactants>
          <speciesReference species="G10" />
        </listOfReactants>
        <listOfProducts>
          <speciesReference species="_void_" />
        </listOfProducts>
        <kineticLaw>
          <listOfParameters>
            <parameter id="delta" name="delta" value="0.02200898990306298" />
          </listOfParameters>
        </kineticLaw>
      </reaction>
    </listOfReactions>
  </model>
</sbml>
