<?xml version="1.0" encoding="UTF-8"?>
<sbml xmlns="http://www.sbml.org/sbml/level2" xmlns:html="http://www.w3.org/1999/xhtml" xmlns:jigcell="http://www.sbml.org/2001/ns/jigcell" xmlns:math="http://www.w3.org/1998/Math/MathML" xmlns:rdf="http://www.w3.org/1999/02/22-rdf-syntax-ns#" xmlns:sbml="http://www.sbml.org/sbml/level2" xmlns:xlink="http://www.w3.org/1999/xlink" level="2" version="1">
  <model name="InSilicoSize10-Yeast2">
<notes><p xmlns="http://www.w3.org/1999/xhtml">This network is a child of the network "RegulyYeast" generated by Eepidemic.</p></notes>
    <listOfCompartments>
      <compartment id="cell" name="cell" size="1.0" />
    </listOfCompartments>
    <listOfSpecies>
      <species id="G1" name="G1" compartment="cell" />
      <species id="G2" name="G2" compartment="cell" />
      <species id="G3" name="G3" compartment="cell" />
      <species id="G4" name="G4" compartment="cell" />
      <species id="G5" name="G5" compartment="cell" />
      <species id="G6" name="G6" compartment="cell" />
      <species id="G7" name="G7" compartment="cell" />
      <species id="G8" name="G8" compartment="cell" />
      <species id="G9" name="G9" compartment="cell" />
      <species id="G10" name="G10" compartment="cell" />
      <species id="_void_" name="_void_" compartment="cell" initialAmount="0.0" boundaryCondition="true" constant="true" />
    </listOfSpecies>
    <listOfReactions>
      <reaction id="G1_synthesis" name="G1_synthesis: 1~2 + 3 + ~4" reversible="false">
        <listOfReactants>
          <speciesReference species="_void_" />
        </listOfReactants>
        <listOfProducts>
          <speciesReference species="G1" />
        </listOfProducts>
        <listOfModifiers>
          <modifierSpeciesReference species="G3" />
          <modifierSpeciesReference species="G2" />
          <modifierSpeciesReference species="G6" />
          <modifierSpeciesReference species="G4" />
        </listOfModifiers>
        <kineticLaw>
          <listOfParameters>
            <parameter id="max" name="max" value="0.03668661342126252" />
            <parameter id="deltaProtein" name="deltaProtein" value="0.021219099737946244" />
            <parameter id="maxTranslation" name="maxTranslation" value="0.021219099737946244" />
            <parameter id="bindsAsComplex_1" name="bindsAsComplex_1" value="0.0" />
            <parameter id="numActivators_1" name="numActivators_1" value="1.0" />
            <parameter id="numDeactivators_1" name="numDeactivators_1" value="1.0" />
            <parameter id="bindsAsComplex_2" name="bindsAsComplex_2" value="1.0" />
            <parameter id="numActivators_2" name="numActivators_2" value="1.0" />
            <parameter id="numDeactivators_2" name="numDeactivators_2" value="0.0" />
            <parameter id="bindsAsComplex_3" name="bindsAsComplex_3" value="1.0" />
            <parameter id="numActivators_3" name="numActivators_3" value="1.0" />
            <parameter id="numDeactivators_3" name="numDeactivators_3" value="0.0" />
            <parameter id="a_0" name="a_0" value="0.523506788028742" />
            <parameter id="a_1" name="a_1" value="1.0" />
            <parameter id="a_2" name="a_2" value="0.9614684969298852" />
            <parameter id="a_3" name="a_3" value="1.0" />
            <parameter id="a_4" name="a_4" value="0.0" />
            <parameter id="a_5" name="a_5" value="0.228072215460289" />
            <parameter id="a_6" name="a_6" value="0.1637365821804384" />
            <parameter id="a_7" name="a_7" value="0.6660339243614322" />
            <parameter id="k_1" name="k_1" value="0.04363170010063072" />
            <parameter id="k_2" name="k_2" value="0.17482762240838384" />
            <parameter id="k_3" name="k_3" value="0.3456791058491061" />
            <parameter id="k_4" name="k_4" value="0.22999342221324523" />
            <parameter id="n_1" name="n_1" value="5.33964511402762" />
            <parameter id="n_2" name="n_2" value="4.188578284277945" />
            <parameter id="n_3" name="n_3" value="2.760532715861445" />
            <parameter id="n_4" name="n_4" value="2.620862267921832" />
          </listOfParameters>
        </kineticLaw>
      </reaction>
      <reaction id="G1_degradation" name="G1_degradation" reversible="false">
        <listOfReactants>
          <speciesReference species="G1" />
        </listOfReactants>
        <listOfProducts>
          <speciesReference species="_void_" />
        </listOfProducts>
        <kineticLaw>
          <listOfParameters>
            <parameter id="delta" name="delta" value="0.03668661342126252" />
          </listOfParameters>
        </kineticLaw>
      </reaction>
      <reaction id="G2_synthesis" name="G2_synthesis: 1~2 + 3 + ~4" reversible="false">
        <listOfReactants>
          <speciesReference species="_void_" />
        </listOfReactants>
        <listOfProducts>
          <speciesReference species="G2" />
        </listOfProducts>
        <listOfModifiers>
          <modifierSpeciesReference species="G5" />
          <modifierSpeciesReference species="G3" />
          <modifierSpeciesReference species="G8" />
          <modifierSpeciesReference species="G10" />
        </listOfModifiers>
        <kineticLaw>
          <listOfParameters>
            <parameter id="max" name="max" value="0.02380544277697523" />
            <parameter id="deltaProtein" name="deltaProtein" value="0.029612393712999334" />
            <parameter id="maxTranslation" name="maxTranslation" value="0.029612393712999334" />
            <parameter id="bindsAsComplex_1" name="bindsAsComplex_1" value="0.0" />
            <parameter id="numActivators_1" name="numActivators_1" value="1.0" />
            <parameter id="numDeactivators_1" name="numDeactivators_1" value="1.0" />
            <parameter id="bindsAsComplex_2" name="bindsAsComplex_2" value="0.0" />
            <parameter id="numActivators_2" name="numActivators_2" value="1.0" />
            <parameter id="numDeactivators_2" name="numDeactivators_2" value="0.0" />
            <parameter id="bindsAsComplex_3" name="bindsAsComplex_3" value="0.0" />
            <parameter id="numActivators_3" name="numActivators_3" value="1.0" />
            <parameter id="numDeactivators_3" name="numDeactivators_3" value="0.0" />
            <parameter id="a_0" name="a_0" value="0.5755786387163712" />
            <parameter id="a_1" name="a_1" value="1.0" />
            <parameter id="a_2" name="a_2" value="1.0" />
            <parameter id="a_3" name="a_3" value="1.0" />
            <parameter id="a_4" name="a_4" value="0.08445799746480398" />
            <parameter id="a_5" name="a_5" value="0.5874804174190276" />
            <parameter id="a_6" name="a_6" value="0.865394819204615" />
            <parameter id="a_7" name="a_7" value="1.0" />
            <parameter id="k_1" name="k_1" value="0.3220217411745499" />
            <parameter id="k_2" name="k_2" value="0.15186173200067768" />
            <parameter id="k_3" name="k_3" value="0.3206205683711808" />
            <parameter id="k_4" name="k_4" value="0.02853316408836227" />
            <parameter id="n_1" name="n_1" value="3.456513777367552" />
            <parameter id="n_2" name="n_2" value="1.8015411520023796" />
            <parameter id="n_3" name="n_3" value="1.7220312337766177" />
            <parameter id="n_4" name="n_4" value="4.3961496025288405" />
          </listOfParameters>
        </kineticLaw>
      </reaction>
      <reaction id="G2_degradation" name="G2_degradation" reversible="false">
        <listOfReactants>
          <speciesReference species="G2" />
        </listOfReactants>
        <listOfProducts>
          <speciesReference species="_void_" />
        </listOfProducts>
        <kineticLaw>
          <listOfParameters>
            <parameter id="delta" name="delta" value="0.02380544277697523" />
          </listOfParameters>
        </kineticLaw>
      </reaction>
      <reaction id="G3_synthesis" name="G3_synthesis: 1~2" reversible="false">
        <listOfReactants>
          <speciesReference species="_void_" />
        </listOfReactants>
        <listOfProducts>
          <speciesReference species="G3" />
        </listOfProducts>
        <listOfModifiers>
          <modifierSpeciesReference species="G7" />
          <modifierSpeciesReference species="G6" />
        </listOfModifiers>
        <kineticLaw>
          <listOfParameters>
            <parameter id="max" name="max" value="0.02784475665689267" />
            <parameter id="deltaProtein" name="deltaProtein" value="0.027248742358253704" />
            <parameter id="maxTranslation" name="maxTranslation" value="0.027248742358253704" />
            <parameter id="bindsAsComplex_1" name="bindsAsComplex_1" value="0.0" />
            <parameter id="numActivators_1" name="numActivators_1" value="1.0" />
            <parameter id="numDeactivators_1" name="numDeactivators_1" value="1.0" />
            <parameter id="a_0" name="a_0" value="0.03337382345210645" />
            <parameter id="a_1" name="a_1" value="1.0" />
            <parameter id="k_1" name="k_1" value="0.14059886214853762" />
            <parameter id="k_2" name="k_2" value="0.08220182707117961" />
            <parameter id="n_1" name="n_1" value="6.082501939273269" />
            <parameter id="n_2" name="n_2" value="4.955383029889168" />
          </listOfParameters>
        </kineticLaw>
      </reaction>
      <reaction id="G3_degradation" name="G3_degradation" reversible="false">
        <listOfReactants>
          <speciesReference species="G3" />
        </listOfReactants>
        <listOfProducts>
          <speciesReference species="_void_" />
        </listOfProducts>
        <kineticLaw>
          <listOfParameters>
            <parameter id="delta" name="delta" value="0.02784475665689267" />
          </listOfParameters>
        </kineticLaw>
      </reaction>
      <reaction id="G4_synthesis" name="G4_synthesis: ~(1~2) + 3 + ~(4~5)" reversible="false">
        <listOfReactants>
          <speciesReference species="_void_" />
        </listOfReactants>
        <listOfProducts>
          <speciesReference species="G4" />
        </listOfProducts>
        <listOfModifiers>
          <modifierSpeciesReference species="G5" />
          <modifierSpeciesReference species="G8" />
          <modifierSpeciesReference species="G3" />
          <modifierSpeciesReference species="G7" />
          <modifierSpeciesReference species="G10" />
        </listOfModifiers>
        <kineticLaw>
          <listOfParameters>
            <parameter id="max" name="max" value="0.03456494903449556" />
            <parameter id="deltaProtein" name="deltaProtein" value="0.019327945427752527" />
            <parameter id="maxTranslation" name="maxTranslation" value="0.019327945427752527" />
            <parameter id="bindsAsComplex_1" name="bindsAsComplex_1" value="0.0" />
            <parameter id="numActivators_1" name="numActivators_1" value="1.0" />
            <parameter id="numDeactivators_1" name="numDeactivators_1" value="1.0" />
            <parameter id="bindsAsComplex_2" name="bindsAsComplex_2" value="0.0" />
            <parameter id="numActivators_2" name="numActivators_2" value="1.0" />
            <parameter id="numDeactivators_2" name="numDeactivators_2" value="0.0" />
            <parameter id="bindsAsComplex_3" name="bindsAsComplex_3" value="0.0" />
            <parameter id="numActivators_3" name="numActivators_3" value="1.0" />
            <parameter id="numDeactivators_3" name="numDeactivators_3" value="1.0" />
            <parameter id="a_0" name="a_0" value="0.3985489231085491" />
            <parameter id="a_1" name="a_1" value="0.0" />
            <parameter id="a_2" name="a_2" value="1.0" />
            <parameter id="a_3" name="a_3" value="0.5645898988625535" />
            <parameter id="a_4" name="a_4" value="0.043278531388102115" />
            <parameter id="a_5" name="a_5" value="0.0" />
            <parameter id="a_6" name="a_6" value="0.6447296082795531" />
            <parameter id="a_7" name="a_7" value="0.2093195071421065" />
            <parameter id="k_1" name="k_1" value="0.12591297247334313" />
            <parameter id="k_2" name="k_2" value="0.3516354829413702" />
            <parameter id="k_3" name="k_3" value="0.28840978367439946" />
            <parameter id="k_4" name="k_4" value="0.21835225476405734" />
            <parameter id="k_5" name="k_5" value="0.09405949863701255" />
            <parameter id="n_1" name="n_1" value="3.0140903275343227" />
            <parameter id="n_2" name="n_2" value="2.484598678569166" />
            <parameter id="n_3" name="n_3" value="3.666798855923963" />
            <parameter id="n_4" name="n_4" value="1.1630768465635026" />
            <parameter id="n_5" name="n_5" value="3.3449571855226092" />
          </listOfParameters>
        </kineticLaw>
      </reaction>
      <reaction id="G4_degradation" name="G4_degradation" reversible="false">
        <listOfReactants>
          <speciesReference species="G4" />
        </listOfReactants>
        <listOfProducts>
          <speciesReference species="_void_" />
        </listOfProducts>
        <kineticLaw>
          <listOfParameters>
            <parameter id="delta" name="delta" value="0.03456494903449556" />
          </listOfParameters>
        </kineticLaw>
      </reaction>
      <reaction id="G5_synthesis" name="G5_synthesis: 1~2" reversible="false">
        <listOfReactants>
          <speciesReference species="_void_" />
        </listOfReactants>
        <listOfProducts>
          <speciesReference species="G5" />
        </listOfProducts>
        <listOfModifiers>
          <modifierSpeciesReference species="G6" />
          <modifierSpeciesReference species="G10" />
        </listOfModifiers>
        <kineticLaw>
          <listOfParameters>
            <parameter id="max" name="max" value="0.02278113835019143" />
            <parameter id="deltaProtein" name="deltaProtein" value="0.034931123163411876" />
            <parameter id="maxTranslation" name="maxTranslation" value="0.034931123163411876" />
            <parameter id="bindsAsComplex_1" name="bindsAsComplex_1" value="1.0" />
            <parameter id="numActivators_1" name="numActivators_1" value="1.0" />
            <parameter id="numDeactivators_1" name="numDeactivators_1" value="1.0" />
            <parameter id="a_0" name="a_0" value="0.03595575628488864" />
            <parameter id="a_1" name="a_1" value="1.0" />
            <parameter id="k_1" name="k_1" value="0.03519541690677463" />
            <parameter id="k_2" name="k_2" value="0.17586270242622015" />
            <parameter id="n_1" name="n_1" value="3.542961798885899" />
            <parameter id="n_2" name="n_2" value="3.6174980984163017" />
          </listOfParameters>
        </kineticLaw>
      </reaction>
      <reaction id="G5_degradation" name="G5_degradation" reversible="false">
        <listOfReactants>
          <speciesReference species="G5" />
        </listOfReactants>
        <listOfProducts>
          <speciesReference species="_void_" />
        </listOfProducts>
        <kineticLaw>
          <listOfParameters>
            <parameter id="delta" name="delta" value="0.02278113835019143" />
          </listOfParameters>
        </kineticLaw>
      </reaction>
      <reaction id="G6_synthesis" name="G6_synthesis: 1" reversible="false">
        <listOfReactants>
          <speciesReference species="_void_" />
        </listOfReactants>
        <listOfProducts>
          <speciesReference species="G6" />
        </listOfProducts>
        <listOfModifiers>
          <modifierSpeciesReference species="G7" />
        </listOfModifiers>
        <kineticLaw>
          <listOfParameters>
            <parameter id="max" name="max" value="0.024709757319087068" />
            <parameter id="deltaProtein" name="deltaProtein" value="0.02812907534152225" />
            <parameter id="maxTranslation" name="maxTranslation" value="0.02812907534152225" />
            <parameter id="bindsAsComplex_1" name="bindsAsComplex_1" value="0.0" />
            <parameter id="numActivators_1" name="numActivators_1" value="1.0" />
            <parameter id="numDeactivators_1" name="numDeactivators_1" value="0.0" />
            <parameter id="a_0" name="a_0" value="0.11485163388301092" />
            <parameter id="a_1" name="a_1" value="1.0" />
            <parameter id="k_1" name="k_1" value="0.04502646131852591" />
            <parameter id="n_1" name="n_1" value="2.589396789906031" />
          </listOfParameters>
        </kineticLaw>
      </reaction>
      <reaction id="G6_degradation" name="G6_degradation" reversible="false">
        <listOfReactants>
          <speciesReference species="G6" />
        </listOfReactants>
        <listOfProducts>
          <speciesReference species="_void_" />
        </listOfProducts>
        <kineticLaw>
          <listOfParameters>
            <parameter id="delta" name="delta" value="0.024709757319087068" />
          </listOfParameters>
        </kineticLaw>
      </reaction>
      <reaction id="G7_synthesis" name="G7_synthesis: no inputs" reversible="false">
        <listOfReactants>
          <speciesReference species="_void_" />
        </listOfReactants>
        <listOfProducts>
          <speciesReference species="G7" />
        </listOfProducts>
        <kineticLaw>
          <listOfParameters>
            <parameter id="max" name="max" value="0.01575262536938796" />
            <parameter id="deltaProtein" name="deltaProtein" value="0.05644873363675929" />
            <parameter id="maxTranslation" name="maxTranslation" value="0.05644873363675929" />
            <parameter id="a_0" name="a_0" value="1.0" />
          </listOfParameters>
        </kineticLaw>
      </reaction>
      <reaction id="G7_degradation" name="G7_degradation" reversible="false">
        <listOfReactants>
          <speciesReference species="G7" />
        </listOfReactants>
        <listOfProducts>
          <speciesReference species="_void_" />
        </listOfProducts>
        <kineticLaw>
          <listOfParameters>
            <parameter id="delta" name="delta" value="0.01575262536938796" />
          </listOfParameters>
        </kineticLaw>
      </reaction>
      <reaction id="G8_synthesis" name="G8_synthesis: 1 + 2" reversible="false">
        <listOfReactants>
          <speciesReference species="_void_" />
        </listOfReactants>
        <listOfProducts>
          <speciesReference species="G8" />
        </listOfProducts>
        <listOfModifiers>
          <modifierSpeciesReference species="G10" />
          <modifierSpeciesReference species="G6" />
        </listOfModifiers>
        <kineticLaw>
          <listOfParameters>
            <parameter id="max" name="max" value="0.024407436116838647" />
            <parameter id="deltaProtein" name="deltaProtein" value="0.02377182987393727" />
            <parameter id="maxTranslation" name="maxTranslation" value="0.02377182987393727" />
            <parameter id="bindsAsComplex_1" name="bindsAsComplex_1" value="1.0" />
            <parameter id="numActivators_1" name="numActivators_1" value="1.0" />
            <parameter id="numDeactivators_1" name="numDeactivators_1" value="0.0" />
            <parameter id="bindsAsComplex_2" name="bindsAsComplex_2" value="1.0" />
            <parameter id="numActivators_2" name="numActivators_2" value="1.0" />
            <parameter id="numDeactivators_2" name="numDeactivators_2" value="0.0" />
            <parameter id="a_0" name="a_0" value="0.044646384921291485" />
            <parameter id="a_1" name="a_1" value="0.7722083696890738" />
            <parameter id="a_2" name="a_2" value="0.5161817975382899" />
            <parameter id="a_3" name="a_3" value="1.0" />
            <parameter id="k_1" name="k_1" value="0.05197196834637244" />
            <parameter id="k_2" name="k_2" value="0.20902825064560887" />
            <parameter id="n_1" name="n_1" value="1.2950367860550636" />
            <parameter id="n_2" name="n_2" value="1.477676966219327" />
          </listOfParameters>
        </kineticLaw>
      </reaction>
      <reaction id="G8_degradation" name="G8_degradation" reversible="false">
        <listOfReactants>
          <speciesReference species="G8" />
        </listOfReactants>
        <listOfProducts>
          <speciesReference species="_void_" />
        </listOfProducts>
        <kineticLaw>
          <listOfParameters>
            <parameter id="delta" name="delta" value="0.024407436116838647" />
          </listOfParameters>
        </kineticLaw>
      </reaction>
      <reaction id="G9_synthesis" name="G9_synthesis: 1~2 + ~3" reversible="false">
        <listOfReactants>
          <speciesReference species="_void_" />
        </listOfReactants>
        <listOfProducts>
          <speciesReference species="G9" />
        </listOfProducts>
        <listOfModifiers>
          <modifierSpeciesReference species="G3" />
          <modifierSpeciesReference species="G6" />
          <modifierSpeciesReference species="G4" />
        </listOfModifiers>
        <kineticLaw>
          <listOfParameters>
            <parameter id="max" name="max" value="0.04935660724561096" />
            <parameter id="deltaProtein" name="deltaProtein" value="0.026711991533202296" />
            <parameter id="maxTranslation" name="maxTranslation" value="0.026711991533202296" />
            <parameter id="bindsAsComplex_1" name="bindsAsComplex_1" value="0.0" />
            <parameter id="numActivators_1" name="numActivators_1" value="1.0" />
            <parameter id="numDeactivators_1" name="numDeactivators_1" value="1.0" />
            <parameter id="bindsAsComplex_2" name="bindsAsComplex_2" value="1.0" />
            <parameter id="numActivators_2" name="numActivators_2" value="1.0" />
            <parameter id="numDeactivators_2" name="numDeactivators_2" value="0.0" />
            <parameter id="a_0" name="a_0" value="0.4464425308529903" />
            <parameter id="a_1" name="a_1" value="1.0" />
            <parameter id="a_2" name="a_2" value="0.0" />
            <parameter id="a_3" name="a_3" value="0.30863081130423375" />
            <parameter id="k_1" name="k_1" value="0.2406493023025231" />
            <parameter id="k_2" name="k_2" value="0.08610542565147379" />
            <parameter id="k_3" name="k_3" value="0.148303579990319" />
            <parameter id="n_1" name="n_1" value="3.678034674074066" />
            <parameter id="n_2" name="n_2" value="2.503760548917522" />
            <parameter id="n_3" name="n_3" value="4.406300179770341" />
          </listOfParameters>
        </kineticLaw>
      </reaction>
      <reaction id="G9_degradation" name="G9_degradation" reversible="false">
        <listOfReactants>
          <speciesReference species="G9" />
        </listOfReactants>
        <listOfProducts>
          <speciesReference species="_void_" />
        </listOfProducts>
        <kineticLaw>
          <listOfParameters>
            <parameter id="delta" name="delta" value="0.04935660724561096" />
          </listOfParameters>
        </kineticLaw>
      </reaction>
      <reaction id="G10_synthesis" name="G10_synthesis: 1~2" reversible="false">
        <listOfReactants>
          <speciesReference species="_void_" />
        </listOfReactants>
        <listOfProducts>
          <speciesReference species="G10" />
        </listOfProducts>
        <listOfModifiers>
          <modifierSpeciesReference species="G6" />
          <modifierSpeciesReference species="G7" />
        </listOfModifiers>
        <kineticLaw>
          <listOfParameters>
            <parameter id="max" name="max" value="0.030034511041673945" />
            <parameter id="deltaProtein" name="deltaProtein" value="0.07370700558931653" />
            <parameter id="maxTranslation" name="maxTranslation" value="0.07370700558931653" />
            <parameter id="bindsAsComplex_1" name="bindsAsComplex_1" value="0.0" />
            <parameter id="numActivators_1" name="numActivators_1" value="1.0" />
            <parameter id="numDeactivators_1" name="numDeactivators_1" value="1.0" />
            <parameter id="a_0" name="a_0" value="0.03450557629661827" />
            <parameter id="a_1" name="a_1" value="1.0" />
            <parameter id="k_1" name="k_1" value="0.422694951982553" />
            <parameter id="k_2" name="k_2" value="0.1736436020485924" />
            <parameter id="n_1" name="n_1" value="2.418638009911428" />
            <parameter id="n_2" name="n_2" value="3.9252231488626954" />
          </listOfParameters>
        </kineticLaw>
      </reaction>
      <reaction id="G10_degradation" name="G10_degradation" reversible="false">
        <listOfReactants>
          <speciesReference species="G10" />
        </listOfReactants>
        <listOfProducts>
          <speciesReference species="_void_" />
        </listOfProducts>
        <kineticLaw>
          <listOfParameters>
            <parameter id="delta" name="delta" value="0.030034511041673945" />
          </listOfParameters>
        </kineticLaw>
      </reaction>
    </listOfReactions>
  </model>
</sbml>
